category,is_women_led,activity,governorate,wilayat,count
craft,False,البيع بالتجزئة في المتاجر المتخصصة للخناجر العمانية,البريمي,البريمي,3
craft,False,البيع بالتجزئة في المتاجر المتخصصة للخناجر العمانية,الداخلية,إزكي,6
craft,False,البيع بالتجزئة في المتاجر المتخصصة للخناجر العمانية,الداخلية,الجبل الأخضر,2
craft,False,البيع بالتجزئة في المتاجر المتخصصة للخناجر العمانية,الداخلية,الحمراء,2
craft,False,البيع بالتجزئة في المتاجر المتخصصة للخناجر العمانية,الداخلية,بدبد,5
craft,False,البيع بالتجزئة في المتاجر المتخصصة للخناجر العمانية,الداخلية,بهلاء,3
craft,False,البيع بالتجزئة في المتاجر المتخصصة للخناجر العمانية,الداخلية,سمائل,5
craft,False,البيع بالتجزئة في المتاجر المتخصصة للخناجر العمانية,الداخلية,نزوى,36
craft,False,البيع بالتجزئة في المتاجر المتخصصة للخناجر العمانية,الظاهرة,عبري,8
craft,False,البيع بالتجزئة في المتاجر المتخصصة للخناجر العمانية,الظاهرة,ينقل,1
craft,False,البيع بالتجزئة في المتاجر المتخصصة للخناجر العمانية,جنوب الباطنة,الرستاق,5
craft,False,البيع بالتجزئة في المتاجر المتخصصة للخناجر العمانية,جنوب الباطنة,بركاء,6
craft,False,البيع بالتجزئة في المتاجر المتخصصة للخناجر العمانية,جنوب الباطنة,نخل,1
craft,False,البيع بالتجزئة في المتاجر المتخصصة للخناجر العمانية,جنوب الباطنة,وادي المعاول,1
craft,False,البيع بالتجزئة في المتاجر المتخصصة للخناجر العمانية,جنوب الشرقية,جعلان بنى بوحسن,3
craft,False,البيع بالتجزئة في المتاجر المتخصصة للخناجر العمانية,جنوب الشرقية,جعلان بنى بوعلى,3
craft,False,البيع بالتجزئة في المتاجر المتخصصة للخناجر العمانية,جنوب الشرقية,صور,14
craft,False,البيع بالتجزئة في المتاجر المتخصصة للخناجر العمانية,شمال الباطنة,الخابورة,3
craft,False,البيع بالتجزئة في المتاجر المتخصصة للخناجر العمانية,شمال الباطنة,السويق,4
craft,False,البيع بالتجزئة في المتاجر المتخصصة للخناجر العمانية,شمال الباطنة,شناص,4
craft,False,البيع بالتجزئة في المتاجر المتخصصة للخناجر العمانية,شمال الباطنة,صحار,10
craft,False,البيع بالتجزئة في المتاجر المتخصصة للخناجر العمانية,شمال الباطنة,صحم,7
craft,False,البيع بالتجزئة في المتاجر المتخصصة للخناجر العمانية,شمال الشرقية,ابراء,2
craft,False,البيع بالتجزئة في المتاجر المتخصصة للخناجر العمانية,شمال الشرقية,المضيبي,2
craft,False,البيع بالتجزئة في المتاجر المتخصصة للخناجر العمانية,شمال الشرقية,بدية,4
craft,False,البيع بالتجزئة في المتاجر المتخصصة للخناجر العمانية,شمال الشرقية,سناو,5
craft,False,البيع بالتجزئة في المتاجر المتخصصة للخناجر العمانية,ظفار,شليم وجزر الحلانيات,1
craft,False,البيع بالتجزئة في المتاجر المتخصصة للخناجر العمانية,ظفار,صلالة,18
craft,False,البيع بالتجزئة في المتاجر المتخصصة للخناجر العمانية,ظفار,طاقة,1
craft,False,البيع بالتجزئة في المتاجر المتخصصة للخناجر العمانية,ظفار,مرباط,2
craft,False,البيع بالتجزئة في المتاجر المتخصصة للخناجر العمانية,مسقط,السيب,32
craft,False,البيع بالتجزئة في المتاجر المتخصصة للخناجر العمانية,مسقط,العامرات,3
craft,False,البيع بالتجزئة في المتاجر المتخصصة للخناجر العمانية,مسقط,بوشر,25
craft,False,البيع بالتجزئة في المتاجر المتخصصة للخناجر العمانية,مسقط,قريات,1
craft,False,البيع بالتجزئة في المتاجر المتخصصة للخناجر العمانية,مسقط,مسقط,5
craft,False,البيع بالتجزئة في المتاجر المتخصصة للخناجر العمانية,مسقط,مطرح,17
craft,False,البيع بالتجزئة في المتاجر المتخصصة للفخاريات والمشغولات اليدوية,البريمي,البريمي,2
craft,False,البيع بالتجزئة في المتاجر المتخصصة للفخاريات والمشغولات اليدوية,الداخلية,إزكي,1
craft,False,البيع بالتجزئة في المتاجر المتخصصة للفخاريات والمشغولات اليدوية,الداخلية,الجبل الأخضر,2
craft,False,البيع بالتجزئة في المتاجر المتخصصة للفخاريات والمشغولات اليدوية,الداخلية,بدبد,7
craft,False,البيع بالتجزئة في المتاجر المتخصصة للفخاريات والمشغولات اليدوية,الداخلية,بهلاء,19
craft,False,البيع بالتجزئة في المتاجر المتخصصة للفخاريات والمشغولات اليدوية,الداخلية,سمائل,4
craft,False,البيع بالتجزئة في المتاجر المتخصصة للفخاريات والمشغولات اليدوية,الداخلية,منح,1
craft,False,البيع بالتجزئة في المتاجر المتخصصة للفخاريات والمشغولات اليدوية,الداخلية,نزوى,6
craft,False,البيع بالتجزئة في المتاجر المتخصصة للفخاريات والمشغولات اليدوية,الظاهرة,ضنك,1
craft,False,البيع بالتجزئة في المتاجر المتخصصة للفخاريات والمشغولات اليدوية,الظاهرة,عبري,6
craft,False,البيع بالتجزئة في المتاجر المتخصصة للفخاريات والمشغولات اليدوية,الوسطى,الجازر,1
craft,False,البيع بالتجزئة في المتاجر المتخصصة للفخاريات والمشغولات اليدوية,جنوب الباطنة,الرستاق,4
craft,False,البيع بالتجزئة في المتاجر المتخصصة للفخاريات والمشغولات اليدوية,جنوب الباطنة,المصنعة,2
craft,False,البيع بالتجزئة في المتاجر المتخصصة للفخاريات والمشغولات اليدوية,جنوب الباطنة,بركاء,8
craft,False,البيع بالتجزئة في المتاجر المتخصصة للفخاريات والمشغولات اليدوية,جنوب الباطنة,وادي المعاول,1
craft,False,البيع بالتجزئة في المتاجر المتخصصة للفخاريات والمشغولات اليدوية,جنوب الشرقية,صور,4
craft,False,البيع بالتجزئة في المتاجر المتخصصة للفخاريات والمشغولات اليدوية,جنوب الشرقية,مصيرة,1
craft,False,البيع بالتجزئة في المتاجر المتخصصة للفخاريات والمشغولات اليدوية,شمال الباطنة,الخابورة,3
craft,False,البيع بالتجزئة في المتاجر المتخصصة للفخاريات والمشغولات اليدوية,شمال الباطنة,السويق,3
craft,False,البيع بالتجزئة في المتاجر المتخصصة للفخاريات والمشغولات اليدوية,شمال الباطنة,شناص,1
craft,False,البيع بالتجزئة في المتاجر المتخصصة للفخاريات والمشغولات اليدوية,شمال الباطنة,صحار,8
craft,False,البيع بالتجزئة في المتاجر المتخصصة للفخاريات والمشغولات اليدوية,شمال الباطنة,صحم,2
craft,False,البيع بالتجزئة في المتاجر المتخصصة للفخاريات والمشغولات اليدوية,شمال الشرقية,ابراء,3
craft,False,البيع بالتجزئة في المتاجر المتخصصة للفخاريات والمشغولات اليدوية,شمال الشرقية,دماء والطائيين,2
craft,False,البيع بالتجزئة في المتاجر المتخصصة للفخاريات والمشغولات اليدوية,شمال الشرقية,سناو,2
craft,False,البيع بالتجزئة في المتاجر المتخصصة للفخاريات والمشغولات اليدوية,شمال الشرقية,وادى بنى خالد,2
craft,False,البيع بالتجزئة في المتاجر المتخصصة للفخاريات والمشغولات اليدوية,ظفار,المزيونة,1
craft,False,البيع بالتجزئة في المتاجر المتخصصة للفخاريات والمشغولات اليدوية,ظفار,ثمريت,1
craft,False,البيع بالتجزئة في المتاجر المتخصصة للفخاريات والمشغولات اليدوية,ظفار,رخيوت,1
craft,False,البيع بالتجزئة في المتاجر المتخصصة للفخاريات والمشغولات اليدوية,ظفار,سدح,1
craft,False,البيع بالتجزئة في المتاجر المتخصصة للفخاريات والمشغولات اليدوية,ظفار,شليم وجزر الحلانيات,6
craft,False,البيع بالتجزئة في المتاجر المتخصصة للفخاريات والمشغولات اليدوية,ظفار,صلالة,36
craft,False,البيع بالتجزئة في المتاجر المتخصصة للفخاريات والمشغولات اليدوية,ظفار,طاقة,8
craft,False,البيع بالتجزئة في المتاجر المتخصصة للفخاريات والمشغولات اليدوية,ظفار,مرباط,5
craft,False,البيع بالتجزئة في المتاجر المتخصصة للفخاريات والمشغولات اليدوية,مسقط,السيب,32
craft,False,البيع بالتجزئة في المتاجر المتخصصة للفخاريات والمشغولات اليدوية,مسقط,العامرات,5
craft,False,البيع بالتجزئة في المتاجر المتخصصة للفخاريات والمشغولات اليدوية,مسقط,بوشر,24
craft,False,البيع بالتجزئة في المتاجر المتخصصة للفخاريات والمشغولات اليدوية,مسقط,قريات,1
craft,False,البيع بالتجزئة في المتاجر المتخصصة للفخاريات والمشغولات اليدوية,مسقط,مسقط,2
craft,False,البيع بالتجزئة في المتاجر المتخصصة للفخاريات والمشغولات اليدوية,مسقط,مطرح,9
craft,False,البيع بالتجزئة في المتاجر المتخصصة للفخاريات والمشغولات اليدوية,مسندم,خصب,4
craft,False,البيع بالتجزئة في المتاجر المتخصصة للفخاريات والمشغولات اليدوية,مسندم,دبا البيعة,1
craft,False,البيع بالتجزئة في المتاجر المتخصصة للفضيات والهدايا,البريمي,البريمي,57
craft,False,البيع بالتجزئة في المتاجر المتخصصة للفضيات والهدايا,الداخلية,أدم,13
craft,False,البيع بالتجزئة في المتاجر المتخصصة للفضيات والهدايا,الداخلية,إزكي,42
craft,False,البيع بالتجزئة في المتاجر المتخصصة للفضيات والهدايا,الداخلية,الجبل الأخضر,10
craft,False,البيع بالتجزئة في المتاجر المتخصصة للفضيات والهدايا,الداخلية,الحمراء,7
craft,False,البيع بالتجزئة في المتاجر المتخصصة للفضيات والهدايا,الداخلية,بدبد,11
craft,False,البيع بالتجزئة في المتاجر المتخصصة للفضيات والهدايا,الداخلية,بهلاء,64
craft,False,البيع بالتجزئة في المتاجر المتخصصة للفضيات والهدايا,الداخلية,سمائل,31
craft,False,البيع بالتجزئة في المتاجر المتخصصة للفضيات والهدايا,الداخلية,منح,20
craft,False,البيع بالتجزئة في المتاجر المتخصصة للفضيات والهدايا,الداخلية,نزوى,114
craft,False,البيع بالتجزئة في المتاجر المتخصصة للفضيات والهدايا,الظاهرة,ضنك,9
craft,False,البيع بالتجزئة في المتاجر المتخصصة للفضيات والهدايا,الظاهرة,عبري,107
craft,False,البيع بالتجزئة في المتاجر المتخصصة للفضيات والهدايا,الظاهرة,ينقل,10
craft,False,البيع بالتجزئة في المتاجر المتخصصة للفضيات والهدايا,الوسطى,الجازر,1
craft,False,البيع بالتجزئة في المتاجر المتخصصة للفضيات والهدايا,الوسطى,الدقم,7
craft,False,البيع بالتجزئة في المتاجر المتخصصة للفضيات والهدايا,الوسطى,محوت,1
craft,False,البيع بالتجزئة في المتاجر المتخصصة للفضيات والهدايا,الوسطى,هيماء,1
craft,False,البيع بالتجزئة في المتاجر المتخصصة للفضيات والهدايا,جنوب الباطنة,الرستاق,41
craft,False,البيع بالتجزئة في المتاجر المتخصصة للفضيات والهدايا,جنوب الباطنة,العوابي,3
craft,False,البيع بالتجزئة في المتاجر المتخصصة للفضيات والهدايا,جنوب الباطنة,المصنعة,27
craft,False,البيع بالتجزئة في المتاجر المتخصصة للفضيات والهدايا,جنوب الباطنة,بركاء,51
craft,False,البيع بالتجزئة في المتاجر المتخصصة للفضيات والهدايا,جنوب الباطنة,نخل,10
craft,False,البيع بالتجزئة في المتاجر المتخصصة للفضيات والهدايا,جنوب الباطنة,وادي المعاول,7
craft,False,البيع بالتجزئة في المتاجر المتخصصة للفضيات والهدايا,جنوب الشرقية,الكامل والوافي,14
craft,False,البيع بالتجزئة في المتاجر المتخصصة للفضيات والهدايا,جنوب الشرقية,جعلان بنى بوحسن,12
craft,False,البيع بالتجزئة في المتاجر المتخصصة للفضيات والهدايا,جنوب الشرقية,جعلان بنى بوعلى,12
craft,False,البيع بالتجزئة في المتاجر المتخصصة للفضيات والهدايا,جنوب الشرقية,صور,68
craft,False,البيع بالتجزئة في المتاجر المتخصصة للفضيات والهدايا,جنوب الشرقية,مصيرة,2
craft,False,البيع بالتجزئة في المتاجر المتخصصة للفضيات والهدايا,شمال الباطنة,الخابورة,19
craft,False,البيع بالتجزئة في المتاجر المتخصصة للفضيات والهدايا,شمال الباطنة,السويق,52
craft,False,البيع بالتجزئة في المتاجر المتخصصة للفضيات والهدايا,شمال الباطنة,شناص,33
craft,False,البيع بالتجزئة في المتاجر المتخصصة للفضيات والهدايا,شمال الباطنة,صحار,89
craft,False,البيع بالتجزئة في المتاجر المتخصصة للفضيات والهدايا,شمال الباطنة,صحم,58
craft,False,البيع بالتجزئة في المتاجر المتخصصة للفضيات والهدايا,شمال الباطنة,لوى,23
craft,False,البيع بالتجزئة في المتاجر المتخصصة للفضيات والهدايا,شمال الشرقية,ابراء,44
craft,False,البيع بالتجزئة في المتاجر المتخصصة للفضيات والهدايا,شمال الشرقية,القابل,5
craft,False,البيع بالتجزئة في المتاجر المتخصصة للفضيات والهدايا,شمال الشرقية,المضيبي,25
craft,False,البيع بالتجزئة في المتاجر المتخصصة للفضيات والهدايا,شمال الشرقية,بدية,17
craft,False,البيع بالتجزئة في المتاجر المتخصصة للفضيات والهدايا,شمال الشرقية,دماء والطائيين,5
craft,False,البيع بالتجزئة في المتاجر المتخصصة للفضيات والهدايا,شمال الشرقية,سناو,27
craft,False,البيع بالتجزئة في المتاجر المتخصصة للفضيات والهدايا,شمال الشرقية,وادى بنى خالد,2
craft,False,البيع بالتجزئة في المتاجر المتخصصة للفضيات والهدايا,ظفار,المزيونة,1
craft,False,البيع بالتجزئة في المتاجر المتخصصة للفضيات والهدايا,ظفار,ثمريت,1
craft,False,البيع بالتجزئة في المتاجر المتخصصة للفضيات والهدايا,ظفار,شليم وجزر الحلانيات,2
craft,False,البيع بالتجزئة في المتاجر المتخصصة للفضيات والهدايا,ظفار,صلالة,170
craft,False,البيع بالتجزئة في المتاجر المتخصصة للفضيات والهدايا,ظفار,طاقة,7
craft,False,البيع بالتجزئة في المتاجر المتخصصة للفضيات والهدايا,ظفار,مرباط,4
craft,False,البيع بالتجزئة في المتاجر المتخصصة للفضيات والهدايا,مسقط,السيب,360
craft,False,البيع بالتجزئة في المتاجر المتخصصة للفضيات والهدايا,مسقط,العامرات,48
craft,False,البيع بالتجزئة في المتاجر المتخصصة للفضيات والهدايا,مسقط,بوشر,233
craft,False,البيع بالتجزئة في المتاجر المتخصصة للفضيات والهدايا,مسقط,قريات,16
craft,False,البيع بالتجزئة في المتاجر المتخصصة للفضيات والهدايا,مسقط,مسقط,34
craft,False,البيع بالتجزئة في المتاجر المتخصصة للفضيات والهدايا,مسقط,مطرح,157
craft,False,البيع بالتجزئة في المتاجر المتخصصة للفضيات والهدايا,مسندم,بخا,2
craft,False,البيع بالتجزئة في المتاجر المتخصصة للفضيات والهدايا,مسندم,خصب,14
craft,False,البيع بالتجزئة في المتاجر المتخصصة للفضيات والهدايا,مسندم,دبا البيعة,1
craft,False,البيع بالتجزئة في المتاجر المتخصصة للفضيات والهدايا,مسندم,مدحا,1
craft,False,البيع بالتجزئة في المتاجر المتخصصة للمنتجات الحرفية,البريمي,البريمي,1
craft,False,البيع بالتجزئة في المتاجر المتخصصة للمنتجات الحرفية,الداخلية,سمائل,3
craft,False,البيع بالتجزئة في المتاجر المتخصصة للمنتجات الحرفية,الداخلية,نزوى,1
craft,False,البيع بالتجزئة في المتاجر المتخصصة للمنتجات الحرفية,الظاهرة,عبري,3
craft,False,البيع بالتجزئة في المتاجر المتخصصة للمنتجات الحرفية,الوسطى,الجازر,1
craft,False,البيع بالتجزئة في المتاجر المتخصصة للمنتجات الحرفية,الوسطى,الدقم,3
craft,False,البيع بالتجزئة في المتاجر المتخصصة للمنتجات الحرفية,الوسطى,محوت,1
craft,False,البيع بالتجزئة في المتاجر المتخصصة للمنتجات الحرفية,جنوب الباطنة,بركاء,1
craft,False,البيع بالتجزئة في المتاجر المتخصصة للمنتجات الحرفية,شمال الباطنة,السويق,2
craft,False,البيع بالتجزئة في المتاجر المتخصصة للمنتجات الحرفية,شمال الباطنة,شناص,1
craft,False,البيع بالتجزئة في المتاجر المتخصصة للمنتجات الحرفية,شمال الباطنة,صحم,1
craft,False,البيع بالتجزئة في المتاجر المتخصصة للمنتجات الحرفية,شمال الشرقية,ابراء,1
craft,False,البيع بالتجزئة في المتاجر المتخصصة للمنتجات الحرفية,شمال الشرقية,القابل,1
craft,False,البيع بالتجزئة في المتاجر المتخصصة للمنتجات الحرفية,شمال الشرقية,بدية,1
craft,False,البيع بالتجزئة في المتاجر المتخصصة للمنتجات الحرفية,شمال الشرقية,دماء والطائيين,1
craft,False,البيع بالتجزئة في المتاجر المتخصصة للمنتجات الحرفية,شمال الشرقية,سناو,1
craft,False,البيع بالتجزئة في المتاجر المتخصصة للمنتجات الحرفية,ظفار,رخيوت,1
craft,False,البيع بالتجزئة في المتاجر المتخصصة للمنتجات الحرفية,ظفار,شليم وجزر الحلانيات,30
craft,False,البيع بالتجزئة في المتاجر المتخصصة للمنتجات الحرفية,ظفار,صلالة,7
craft,False,البيع بالتجزئة في المتاجر المتخصصة للمنتجات الحرفية,ظفار,مرباط,2
craft,False,البيع بالتجزئة في المتاجر المتخصصة للمنتجات الحرفية,مسقط,السيب,8
craft,False,البيع بالتجزئة في المتاجر المتخصصة للمنتجات الحرفية,مسقط,العامرات,1
craft,False,البيع بالتجزئة في المتاجر المتخصصة للمنتجات الحرفية,مسقط,بوشر,17
craft,False,البيع بالتجزئة في المتاجر المتخصصة للمنتجات الحرفية,مسقط,مطرح,2
craft,False,البيع بالتجزئة في المتاجر المتخصصة للمنتجات الحرفية,مسندم,خصب,1
craft,False,صنع الخناجر العمانية,الداخلية,الحمراء,1
craft,False,صنع الخناجر العمانية,الداخلية,بهلاء,1
craft,False,صنع الخناجر العمانية,الداخلية,نزوى,1
craft,False,صنع الخناجر العمانية,الظاهرة,عبري,1
craft,False,صنع الخناجر العمانية,الوسطى,هيماء,2
craft,False,صنع الخناجر العمانية,جنوب الباطنة,بركاء,2
craft,False,صنع الخناجر العمانية,جنوب الباطنة,نخل,1
craft,False,صنع الخناجر العمانية,جنوب الشرقية,الكامل والوافي,1
craft,False,صنع الخناجر العمانية,جنوب الشرقية,جعلان بنى بوعلى,1
craft,False,صنع الخناجر العمانية,جنوب الشرقية,صور,5
craft,False,صنع الخناجر العمانية,شمال الباطنة,السويق,1
craft,False,صنع الخناجر العمانية,شمال الباطنة,صحار,1
craft,False,صنع الخناجر العمانية,شمال الباطنة,صحم,3
craft,False,صنع الخناجر العمانية,شمال الشرقية,المضيبي,1
craft,False,صنع الخناجر العمانية,شمال الشرقية,بدية,1
craft,False,صنع الخناجر العمانية,شمال الشرقية,سناو,2
craft,False,صنع الخناجر العمانية,ظفار,صلالة,7
craft,False,صنع الخناجر العمانية,مسقط,السيب,4
craft,False,صنع الخناجر العمانية,مسقط,بوشر,5
craft,False,صنع الخناجر العمانية,مسقط,مطرح,2
craft,False,صنع المنتجات الحرفية المشتقة من العظام,البريمي,البريمي,1
craft,False,صنع المنتجات الحرفية المشتقة من العظام,شمال الشرقية,بدية,3
craft,False,صنع المنتجات الحرفية المشتقة من العظام,ظفار,ثمريت,8
craft,False,صنع المنتجات الحرفية المشتقة من العظام,ظفار,شليم وجزر الحلانيات,1
craft,False,صنع المنتجات الحرفية المشتقة من العظام,ظفار,صلالة,2
craft,False,صنع المنتجات الحرفية المشتقة من العظام,ظفار,طاقة,1
craft,False,صنع المنتجات الحرفية المشتقة من العظام,مسندم,خصب,1
craft,False,صنع المنتجات الحرفية بتقطير الزهور والاعشاب,البريمي,البريمي,7
craft,False,صنع المنتجات الحرفية بتقطير الزهور والاعشاب,الداخلية,أدم,1
craft,False,صنع المنتجات الحرفية بتقطير الزهور والاعشاب,الداخلية,إزكي,3
craft,False,صنع المنتجات الحرفية بتقطير الزهور والاعشاب,الداخلية,الجبل الأخضر,14
craft,False,صنع المنتجات الحرفية بتقطير الزهور والاعشاب,الداخلية,بهلاء,2
craft,False,صنع المنتجات الحرفية بتقطير الزهور والاعشاب,الداخلية,سمائل,2
craft,False,صنع المنتجات الحرفية بتقطير الزهور والاعشاب,الداخلية,منح,1
craft,False,صنع المنتجات الحرفية بتقطير الزهور والاعشاب,الداخلية,نزوى,5
craft,False,صنع المنتجات الحرفية بتقطير الزهور والاعشاب,الظاهرة,ضنك,2
craft,False,صنع المنتجات الحرفية بتقطير الزهور والاعشاب,الظاهرة,عبري,8
craft,False,صنع المنتجات الحرفية بتقطير الزهور والاعشاب,الظاهرة,ينقل,1
craft,False,صنع المنتجات الحرفية بتقطير الزهور والاعشاب,الوسطى,الدقم,2
craft,False,صنع المنتجات الحرفية بتقطير الزهور والاعشاب,جنوب الباطنة,الرستاق,3
craft,False,صنع المنتجات الحرفية بتقطير الزهور والاعشاب,جنوب الباطنة,المصنعة,1
craft,False,صنع المنتجات الحرفية بتقطير الزهور والاعشاب,جنوب الباطنة,بركاء,3
craft,False,صنع المنتجات الحرفية بتقطير الزهور والاعشاب,جنوب الباطنة,نخل,2
craft,False,صنع المنتجات الحرفية بتقطير الزهور والاعشاب,جنوب الباطنة,وادي المعاول,3
craft,False,صنع المنتجات الحرفية بتقطير الزهور والاعشاب,جنوب الشرقية,الكامل والوافي,1
craft,False,صنع المنتجات الحرفية بتقطير الزهور والاعشاب,جنوب الشرقية,جعلان بنى بوحسن,2
craft,False,صنع المنتجات الحرفية بتقطير الزهور والاعشاب,جنوب الشرقية,جعلان بنى بوعلى,1
craft,False,صنع المنتجات الحرفية بتقطير الزهور والاعشاب,جنوب الشرقية,صور,2
craft,False,صنع المنتجات الحرفية بتقطير الزهور والاعشاب,شمال الباطنة,الخابورة,1
craft,False,صنع المنتجات الحرفية بتقطير الزهور والاعشاب,شمال الباطنة,السويق,1
craft,False,صنع المنتجات الحرفية بتقطير الزهور والاعشاب,شمال الباطنة,شناص,2
craft,False,صنع المنتجات الحرفية بتقطير الزهور والاعشاب,شمال الباطنة,صحار,2
craft,False,صنع المنتجات الحرفية بتقطير الزهور والاعشاب,شمال الباطنة,صحم,5
craft,False,صنع المنتجات الحرفية بتقطير الزهور والاعشاب,شمال الباطنة,لوى,2
craft,False,صنع المنتجات الحرفية بتقطير الزهور والاعشاب,شمال الشرقية,ابراء,3
craft,False,صنع المنتجات الحرفية بتقطير الزهور والاعشاب,شمال الشرقية,القابل,2
craft,False,صنع المنتجات الحرفية بتقطير الزهور والاعشاب,شمال الشرقية,المضيبي,1
craft,False,صنع المنتجات الحرفية بتقطير الزهور والاعشاب,شمال الشرقية,دماء والطائيين,2
craft,False,صنع المنتجات الحرفية بتقطير الزهور والاعشاب,شمال الشرقية,سناو,1
craft,False,صنع المنتجات الحرفية بتقطير الزهور والاعشاب,شمال الشرقية,وادى بنى خالد,1
craft,False,صنع المنتجات الحرفية بتقطير الزهور والاعشاب,ظفار,المزيونة,2
craft,False,صنع المنتجات الحرفية بتقطير الزهور والاعشاب,ظفار,ثمريت,2
craft,False,صنع المنتجات الحرفية بتقطير الزهور والاعشاب,ظفار,شليم وجزر الحلانيات,4
craft,False,صنع المنتجات الحرفية بتقطير الزهور والاعشاب,ظفار,صلالة,31
craft,False,صنع المنتجات الحرفية بتقطير الزهور والاعشاب,ظفار,طاقة,3
craft,False,صنع المنتجات الحرفية بتقطير الزهور والاعشاب,مسقط,السيب,21
craft,False,صنع المنتجات الحرفية بتقطير الزهور والاعشاب,مسقط,العامرات,6
craft,False,صنع المنتجات الحرفية بتقطير الزهور والاعشاب,مسقط,بوشر,12
craft,False,صنع المنتجات الحرفية بتقطير الزهور والاعشاب,مسقط,قريات,2
craft,False,صنع المنتجات الحرفية بتقطير الزهور والاعشاب,مسقط,مسقط,3
craft,False,صنع المنتجات الحرفية بتقطير الزهور والاعشاب,مسقط,مطرح,2
craft,False,صنع المنتجات الحرفية بتقطير الزهور والاعشاب,مسندم,خصب,1
craft,False,صنع المنتجات الحرفية لإنتاج ماء وزيت اللبان,البريمي,البريمي,1
craft,False,صنع المنتجات الحرفية لإنتاج ماء وزيت اللبان,الداخلية,الجبل الأخضر,1
craft,False,صنع المنتجات الحرفية لإنتاج ماء وزيت اللبان,الداخلية,نزوى,2
craft,False,صنع المنتجات الحرفية لإنتاج ماء وزيت اللبان,الظاهرة,ينقل,1
craft,False,صنع المنتجات الحرفية لإنتاج ماء وزيت اللبان,الوسطى,الجازر,1
craft,False,صنع المنتجات الحرفية لإنتاج ماء وزيت اللبان,جنوب الباطنة,بركاء,1
craft,False,صنع المنتجات الحرفية لإنتاج ماء وزيت اللبان,جنوب الباطنة,نخل,2
craft,False,صنع المنتجات الحرفية لإنتاج ماء وزيت اللبان,جنوب الباطنة,وادي المعاول,2
craft,False,صنع المنتجات الحرفية لإنتاج ماء وزيت اللبان,جنوب الشرقية,جعلان بنى بوعلى,1
craft,False,صنع المنتجات الحرفية لإنتاج ماء وزيت اللبان,جنوب الشرقية,صور,2
craft,False,صنع المنتجات الحرفية لإنتاج ماء وزيت اللبان,شمال الباطنة,السويق,1
craft,False,صنع المنتجات الحرفية لإنتاج ماء وزيت اللبان,شمال الباطنة,صحار,2
craft,False,صنع المنتجات الحرفية لإنتاج ماء وزيت اللبان,شمال الباطنة,لوى,1
craft,False,صنع المنتجات الحرفية لإنتاج ماء وزيت اللبان,شمال الشرقية,ابراء,1
craft,False,صنع المنتجات الحرفية لإنتاج ماء وزيت اللبان,شمال الشرقية,المضيبي,2
craft,False,صنع المنتجات الحرفية لإنتاج ماء وزيت اللبان,شمال الشرقية,سناو,1
craft,False,صنع المنتجات الحرفية لإنتاج ماء وزيت اللبان,شمال الشرقية,وادى بنى خالد,1
craft,False,صنع المنتجات الحرفية لإنتاج ماء وزيت اللبان,ظفار,ثمريت,3
craft,False,صنع المنتجات الحرفية لإنتاج ماء وزيت اللبان,ظفار,رخيوت,1
craft,False,صنع المنتجات الحرفية لإنتاج ماء وزيت اللبان,ظفار,سدح,8
craft,False,صنع المنتجات الحرفية لإنتاج ماء وزيت اللبان,ظفار,شليم وجزر الحلانيات,4
craft,False,صنع المنتجات الحرفية لإنتاج ماء وزيت اللبان,ظفار,صلالة,115
craft,False,صنع المنتجات الحرفية لإنتاج ماء وزيت اللبان,ظفار,طاقة,7
craft,False,صنع المنتجات الحرفية لإنتاج ماء وزيت اللبان,ظفار,مرباط,4
craft,False,صنع المنتجات الحرفية لإنتاج ماء وزيت اللبان,مسقط,السيب,9
craft,False,صنع المنتجات الحرفية لإنتاج ماء وزيت اللبان,مسقط,العامرات,1
craft,False,صنع المنتجات الحرفية لإنتاج ماء وزيت اللبان,مسقط,بوشر,6
craft,False,صنع المنتجات الحرفية لإنتاج ماء وزيت اللبان,مسقط,مسقط,1
craft,False,صنع المنتجات الحرفية لإنتاج ماء وزيت اللبان,مسقط,مطرح,2
craft,False,صنع المنتجات الحرفية لإنتاج ماء وزيت اللبان,مسندم,دبا البيعة,1
craft,False,صنع المنتجات الحرفية لادوات الصيد التقليدية,البريمي,البريمي,1
craft,False,صنع المنتجات الحرفية لادوات الصيد التقليدية,الوسطى,الجازر,4
craft,False,صنع المنتجات الحرفية لادوات الصيد التقليدية,الوسطى,محوت,3
craft,False,صنع المنتجات الحرفية لادوات الصيد التقليدية,جنوب الباطنة,المصنعة,2
craft,False,صنع المنتجات الحرفية لادوات الصيد التقليدية,جنوب الشرقية,الكامل والوافي,1
craft,False,صنع المنتجات الحرفية لادوات الصيد التقليدية,جنوب الشرقية,جعلان بنى بوعلى,2
craft,False,صنع المنتجات الحرفية لادوات الصيد التقليدية,جنوب الشرقية,مصيرة,6
craft,False,صنع المنتجات الحرفية لادوات الصيد التقليدية,شمال الباطنة,شناص,2
craft,False,صنع المنتجات الحرفية لادوات الصيد التقليدية,شمال الباطنة,صحار,1
craft,False,صنع المنتجات الحرفية لادوات الصيد التقليدية,شمال الباطنة,صحم,1
craft,False,صنع المنتجات الحرفية لادوات الصيد التقليدية,شمال الشرقية,بدية,1
craft,False,صنع المنتجات الحرفية لادوات الصيد التقليدية,ظفار,ثمريت,1
craft,False,صنع المنتجات الحرفية لادوات الصيد التقليدية,ظفار,سدح,4
craft,False,صنع المنتجات الحرفية لادوات الصيد التقليدية,ظفار,شليم وجزر الحلانيات,12
craft,False,صنع المنتجات الحرفية لادوات الصيد التقليدية,ظفار,صلالة,7
craft,False,صنع المنتجات الحرفية لادوات الصيد التقليدية,ظفار,طاقة,4
craft,False,صنع المنتجات الحرفية لادوات الصيد التقليدية,ظفار,مرباط,2
craft,False,صنع المنتجات الحرفية لادوات الصيد التقليدية,مسقط,السيب,2
craft,False,صنع المنتجات الحرفية لادوات الصيد التقليدية,مسقط,بوشر,2
craft,False,صنع المنتجات الحرفية لمستحضرات التجميل والعطور,البريمي,البريمي,15
craft,False,صنع المنتجات الحرفية لمستحضرات التجميل والعطور,البريمي,محضة,1
craft,False,صنع المنتجات الحرفية لمستحضرات التجميل والعطور,الداخلية,أدم,3
craft,False,صنع المنتجات الحرفية لمستحضرات التجميل والعطور,الداخلية,إزكي,7
craft,False,صنع المنتجات الحرفية لمستحضرات التجميل والعطور,الداخلية,الجبل الأخضر,4
craft,False,صنع المنتجات الحرفية لمستحضرات التجميل والعطور,الداخلية,الحمراء,2
craft,False,صنع المنتجات الحرفية لمستحضرات التجميل والعطور,الداخلية,بدبد,3
craft,False,صنع المنتجات الحرفية لمستحضرات التجميل والعطور,الداخلية,بهلاء,3
craft,False,صنع المنتجات الحرفية لمستحضرات التجميل والعطور,الداخلية,سمائل,10
craft,False,صنع المنتجات الحرفية لمستحضرات التجميل والعطور,الداخلية,منح,3
craft,False,صنع المنتجات الحرفية لمستحضرات التجميل والعطور,الداخلية,نزوى,18
craft,False,صنع المنتجات الحرفية لمستحضرات التجميل والعطور,الظاهرة,ضنك,2
craft,False,صنع المنتجات الحرفية لمستحضرات التجميل والعطور,الظاهرة,عبري,11
craft,False,صنع المنتجات الحرفية لمستحضرات التجميل والعطور,الظاهرة,ينقل,1
craft,False,صنع المنتجات الحرفية لمستحضرات التجميل والعطور,الوسطى,الجازر,4
craft,False,صنع المنتجات الحرفية لمستحضرات التجميل والعطور,الوسطى,الدقم,5
craft,False,صنع المنتجات الحرفية لمستحضرات التجميل والعطور,الوسطى,محوت,1
craft,False,صنع المنتجات الحرفية لمستحضرات التجميل والعطور,الوسطى,هيماء,4
craft,False,صنع المنتجات الحرفية لمستحضرات التجميل والعطور,جنوب الباطنة,الرستاق,15
craft,False,صنع المنتجات الحرفية لمستحضرات التجميل والعطور,جنوب الباطنة,العوابي,3
craft,False,صنع المنتجات الحرفية لمستحضرات التجميل والعطور,جنوب الباطنة,المصنعة,15
craft,False,صنع المنتجات الحرفية لمستحضرات التجميل والعطور,جنوب الباطنة,بركاء,30
craft,False,صنع المنتجات الحرفية لمستحضرات التجميل والعطور,جنوب الباطنة,نخل,5
craft,False,صنع المنتجات الحرفية لمستحضرات التجميل والعطور,جنوب الباطنة,وادي المعاول,4
craft,False,صنع المنتجات الحرفية لمستحضرات التجميل والعطور,جنوب الشرقية,الكامل والوافي,5
craft,False,صنع المنتجات الحرفية لمستحضرات التجميل والعطور,جنوب الشرقية,جعلان بنى بوحسن,5
craft,False,صنع المنتجات الحرفية لمستحضرات التجميل والعطور,جنوب الشرقية,جعلان بنى بوعلى,18
craft,False,صنع المنتجات الحرفية لمستحضرات التجميل والعطور,جنوب الشرقية,صور,35
craft,False,صنع المنتجات الحرفية لمستحضرات التجميل والعطور,جنوب الشرقية,مصيرة,1
craft,False,صنع المنتجات الحرفية لمستحضرات التجميل والعطور,شمال الباطنة,الخابورة,6
craft,False,صنع المنتجات الحرفية لمستحضرات التجميل والعطور,شمال الباطنة,السويق,16
craft,False,صنع المنتجات الحرفية لمستحضرات التجميل والعطور,شمال الباطنة,شناص,20
craft,False,صنع المنتجات الحرفية لمستحضرات التجميل والعطور,شمال الباطنة,صحار,35
craft,False,صنع المنتجات الحرفية لمستحضرات التجميل والعطور,شمال الباطنة,صحم,19
craft,False,صنع المنتجات الحرفية لمستحضرات التجميل والعطور,شمال الباطنة,لوى,14
craft,False,صنع المنتجات الحرفية لمستحضرات التجميل والعطور,شمال الشرقية,ابراء,12
craft,False,صنع المنتجات الحرفية لمستحضرات التجميل والعطور,شمال الشرقية,القابل,4
craft,False,صنع المنتجات الحرفية لمستحضرات التجميل والعطور,شمال الشرقية,المضيبي,9
craft,False,صنع المنتجات الحرفية لمستحضرات التجميل والعطور,شمال الشرقية,بدية,5
craft,False,صنع المنتجات الحرفية لمستحضرات التجميل والعطور,شمال الشرقية,دماء والطائيين,3
craft,False,صنع المنتجات الحرفية لمستحضرات التجميل والعطور,شمال الشرقية,سناو,6
craft,False,صنع المنتجات الحرفية لمستحضرات التجميل والعطور,ظفار,المزيونة,2
craft,False,صنع المنتجات الحرفية لمستحضرات التجميل والعطور,ظفار,ثمريت,16
craft,False,صنع المنتجات الحرفية لمستحضرات التجميل والعطور,ظفار,رخيوت,11
craft,False,صنع المنتجات الحرفية لمستحضرات التجميل والعطور,ظفار,سدح,4
craft,False,صنع المنتجات الحرفية لمستحضرات التجميل والعطور,ظفار,شليم وجزر الحلانيات,5
craft,False,صنع المنتجات الحرفية لمستحضرات التجميل والعطور,ظفار,صلالة,125
craft,False,صنع المنتجات الحرفية لمستحضرات التجميل والعطور,ظفار,ضلكوت,3
craft,False,صنع المنتجات الحرفية لمستحضرات التجميل والعطور,ظفار,طاقة,16
craft,False,صنع المنتجات الحرفية لمستحضرات التجميل والعطور,ظفار,مرباط,12
craft,False,صنع المنتجات الحرفية لمستحضرات التجميل والعطور,ظفار,مقشن,2
craft,False,صنع المنتجات الحرفية لمستحضرات التجميل والعطور,مسقط,السيب,127
craft,False,صنع المنتجات الحرفية لمستحضرات التجميل والعطور,مسقط,العامرات,21
craft,False,صنع المنتجات الحرفية لمستحضرات التجميل والعطور,مسقط,بوشر,49
craft,False,صنع المنتجات الحرفية لمستحضرات التجميل والعطور,مسقط,قريات,5
craft,False,صنع المنتجات الحرفية لمستحضرات التجميل والعطور,مسقط,مسقط,10
craft,False,صنع المنتجات الحرفية لمستحضرات التجميل والعطور,مسقط,مطرح,9
craft,False,صنع المنتجات الحرفية لمستحضرات التجميل والعطور,مسندم,خصب,3
craft,False,صنع المنتجات الحرفية لمستحضرات التجميل والعطور,مسندم,دبا البيعة,1
craft,False,صنع المنتجات الحرفية من الألمنيوم,البريمي,البريمي,1
craft,False,صنع المنتجات الحرفية من الألمنيوم,الداخلية,إزكي,1
craft,False,صنع المنتجات الحرفية من الألمنيوم,الداخلية,بهلاء,1
craft,False,صنع المنتجات الحرفية من الألمنيوم,الوسطى,الدقم,1
craft,False,صنع المنتجات الحرفية من الألمنيوم,جنوب الباطنة,بركاء,1
craft,False,صنع المنتجات الحرفية من الألمنيوم,جنوب الشرقية,جعلان بنى بوحسن,1
craft,False,صنع المنتجات الحرفية من الألمنيوم,جنوب الشرقية,صور,1
craft,False,صنع المنتجات الحرفية من الألمنيوم,شمال الباطنة,صحم,3
craft,False,صنع المنتجات الحرفية من الألمنيوم,شمال الشرقية,ابراء,2
craft,False,صنع المنتجات الحرفية من الألمنيوم,شمال الشرقية,بدية,1
craft,False,صنع المنتجات الحرفية من الألمنيوم,ظفار,صلالة,1
craft,False,صنع المنتجات الحرفية من الألمنيوم,ظفار,طاقة,1
craft,False,صنع المنتجات الحرفية من الألمنيوم,مسقط,السيب,8
craft,False,صنع المنتجات الحرفية من الألمنيوم,مسقط,العامرات,1
craft,False,صنع المنتجات الحرفية من الألمنيوم,مسقط,بوشر,8
craft,False,صنع المنتجات الحرفية من الألمنيوم,مسقط,قريات,1
craft,False,صنع المنتجات الحرفية من الألمنيوم,مسقط,مطرح,2
craft,False,صنع المنتجات الحرفية من الجلد,الداخلية,أدم,1
craft,False,صنع المنتجات الحرفية من الجلد,الظاهرة,عبري,3
craft,False,صنع المنتجات الحرفية من الجلد,الوسطى,الجازر,2
craft,False,صنع المنتجات الحرفية من الجلد,الوسطى,الدقم,1
craft,False,صنع المنتجات الحرفية من الجلد,الوسطى,هيماء,1
craft,False,صنع المنتجات الحرفية من الجلد,جنوب الشرقية,جعلان بنى بوعلى,1
craft,False,صنع المنتجات الحرفية من الجلد,شمال الشرقية,ابراء,1
craft,False,صنع المنتجات الحرفية من الجلد,شمال الشرقية,سناو,1
craft,False,صنع المنتجات الحرفية من الجلد,ظفار,المزيونة,12
craft,False,صنع المنتجات الحرفية من الجلد,ظفار,ثمريت,16
craft,False,صنع المنتجات الحرفية من الجلد,ظفار,رخيوت,16
craft,False,صنع المنتجات الحرفية من الجلد,ظفار,سدح,19
craft,False,صنع المنتجات الحرفية من الجلد,ظفار,شليم وجزر الحلانيات,10
craft,False,صنع المنتجات الحرفية من الجلد,ظفار,صلالة,6
craft,False,صنع المنتجات الحرفية من الجلد,ظفار,طاقة,6
craft,False,صنع المنتجات الحرفية من الجلد,ظفار,مرباط,15
craft,False,صنع المنتجات الحرفية من الجلد,مسقط,بوشر,1
craft,False,صنع المنتجات الحرفية من الحجر والجبس,البريمي,البريمي,5
craft,False,صنع المنتجات الحرفية من الحجر والجبس,البريمي,محضة,1
craft,False,صنع المنتجات الحرفية من الحجر والجبس,الداخلية,إزكي,2
craft,False,صنع المنتجات الحرفية من الحجر والجبس,الداخلية,بهلاء,2
craft,False,صنع المنتجات الحرفية من الحجر والجبس,الداخلية,سمائل,2
craft,False,صنع المنتجات الحرفية من الحجر والجبس,الداخلية,نزوى,1
craft,False,صنع المنتجات الحرفية من الحجر والجبس,الظاهرة,عبري,7
craft,False,صنع المنتجات الحرفية من الحجر والجبس,الظاهرة,ينقل,1
craft,False,صنع المنتجات الحرفية من الحجر والجبس,الوسطى,الدقم,1
craft,False,صنع المنتجات الحرفية من الحجر والجبس,الوسطى,هيماء,3
craft,False,صنع المنتجات الحرفية من الحجر والجبس,جنوب الباطنة,المصنعة,1
craft,False,صنع المنتجات الحرفية من الحجر والجبس,جنوب الباطنة,بركاء,4
craft,False,صنع المنتجات الحرفية من الحجر والجبس,جنوب الباطنة,نخل,1
craft,False,صنع المنتجات الحرفية من الحجر والجبس,جنوب الباطنة,وادي المعاول,1
craft,False,صنع المنتجات الحرفية من الحجر والجبس,جنوب الشرقية,جعلان بنى بوحسن,3
craft,False,صنع المنتجات الحرفية من الحجر والجبس,جنوب الشرقية,صور,4
craft,False,صنع المنتجات الحرفية من الحجر والجبس,جنوب الشرقية,مصيرة,1
craft,False,صنع المنتجات الحرفية من الحجر والجبس,شمال الباطنة,الخابورة,2
craft,False,صنع المنتجات الحرفية من الحجر والجبس,شمال الباطنة,السويق,1
craft,False,صنع المنتجات الحرفية من الحجر والجبس,شمال الباطنة,شناص,2
craft,False,صنع المنتجات الحرفية من الحجر والجبس,شمال الباطنة,صحار,9
craft,False,صنع المنتجات الحرفية من الحجر والجبس,شمال الباطنة,صحم,1
craft,False,صنع المنتجات الحرفية من الحجر والجبس,شمال الباطنة,لوى,1
craft,False,صنع المنتجات الحرفية من الحجر والجبس,شمال الشرقية,ابراء,1
craft,False,صنع المنتجات الحرفية من الحجر والجبس,شمال الشرقية,المضيبي,2
craft,False,صنع المنتجات الحرفية من الحجر والجبس,شمال الشرقية,بدية,1
craft,False,صنع المنتجات الحرفية من الحجر والجبس,شمال الشرقية,وادى بنى خالد,1
craft,False,صنع المنتجات الحرفية من الحجر والجبس,ظفار,ثمريت,3
craft,False,صنع المنتجات الحرفية من الحجر والجبس,ظفار,صلالة,23
craft,False,صنع المنتجات الحرفية من الحجر والجبس,ظفار,طاقة,1
craft,False,صنع المنتجات الحرفية من الحجر والجبس,ظفار,مرباط,2
craft,False,صنع المنتجات الحرفية من الحجر والجبس,مسقط,السيب,8
craft,False,صنع المنتجات الحرفية من الحجر والجبس,مسقط,العامرات,3
craft,False,صنع المنتجات الحرفية من الحجر والجبس,مسقط,بوشر,17
craft,False,صنع المنتجات الحرفية من الحجر والجبس,مسقط,مسقط,5
craft,False,صنع المنتجات الحرفية من الحجر والجبس,مسقط,مطرح,6
craft,False,صنع المنتجات الحرفية من الحجر والجبس,مسندم,خصب,2
craft,False,صنع المنتجات الحرفية من الخشب,البريمي,البريمي,2
craft,False,صنع المنتجات الحرفية من الخشب,الداخلية,إزكي,2
craft,False,صنع المنتجات الحرفية من الخشب,الداخلية,الجبل الأخضر,1
craft,False,صنع المنتجات الحرفية من الخشب,الداخلية,بهلاء,4
craft,False,صنع المنتجات الحرفية من الخشب,الداخلية,سمائل,3
craft,False,صنع المنتجات الحرفية من الخشب,الداخلية,نزوى,4
craft,False,صنع المنتجات الحرفية من الخشب,الظاهرة,ضنك,3
craft,False,صنع المنتجات الحرفية من الخشب,الظاهرة,عبري,4
craft,False,صنع المنتجات الحرفية من الخشب,الوسطى,الدقم,1
craft,False,صنع المنتجات الحرفية من الخشب,جنوب الباطنة,الرستاق,11
craft,False,صنع المنتجات الحرفية من الخشب,جنوب الباطنة,بركاء,6
craft,False,صنع المنتجات الحرفية من الخشب,جنوب الباطنة,نخل,1
craft,False,صنع المنتجات الحرفية من الخشب,جنوب الشرقية,صور,5
craft,False,صنع المنتجات الحرفية من الخشب,شمال الباطنة,الخابورة,1
craft,False,صنع المنتجات الحرفية من الخشب,شمال الباطنة,السويق,2
craft,False,صنع المنتجات الحرفية من الخشب,شمال الباطنة,شناص,1
craft,False,صنع المنتجات الحرفية من الخشب,شمال الباطنة,صحار,7
craft,False,صنع المنتجات الحرفية من الخشب,شمال الباطنة,صحم,3
craft,False,صنع المنتجات الحرفية من الخشب,شمال الشرقية,ابراء,2
craft,False,صنع المنتجات الحرفية من الخشب,شمال الشرقية,القابل,1
craft,False,صنع المنتجات الحرفية من الخشب,شمال الشرقية,المضيبي,2
craft,False,صنع المنتجات الحرفية من الخشب,شمال الشرقية,بدية,4
craft,False,صنع المنتجات الحرفية من الخشب,شمال الشرقية,سناو,1
craft,False,صنع المنتجات الحرفية من الخشب,ظفار,رخيوت,3
craft,False,صنع المنتجات الحرفية من الخشب,ظفار,صلالة,5
craft,False,صنع المنتجات الحرفية من الخشب,ظفار,ضلكوت,7
craft,False,صنع المنتجات الحرفية من الخشب,ظفار,مرباط,1
craft,False,صنع المنتجات الحرفية من الخشب,مسقط,السيب,13
craft,False,صنع المنتجات الحرفية من الخشب,مسقط,العامرات,7
craft,False,صنع المنتجات الحرفية من الخشب,مسقط,بوشر,5
craft,False,صنع المنتجات الحرفية من الخشب,مسقط,مسقط,1
craft,False,صنع المنتجات الحرفية من الخشب,مسقط,مطرح,2
craft,False,صنع المنتجات الحرفية من الخشب,مسندم,خصب,3
craft,False,صنع المنتجات الحرفية من الخشب,مسندم,دبا البيعة,3
craft,False,صنع المنتجات الحرفية من السعف,البريمي,البريمي,2
craft,False,صنع المنتجات الحرفية من السعف,البريمي,محضة,2
craft,False,صنع المنتجات الحرفية من السعف,الداخلية,الحمراء,1
craft,False,صنع المنتجات الحرفية من السعف,الداخلية,بدبد,1
craft,False,صنع المنتجات الحرفية من السعف,الداخلية,بهلاء,6
craft,False,صنع المنتجات الحرفية من السعف,الداخلية,سمائل,1
craft,False,صنع المنتجات الحرفية من السعف,الداخلية,نزوى,5
craft,False,صنع المنتجات الحرفية من السعف,الظاهرة,ضنك,38
craft,False,صنع المنتجات الحرفية من السعف,الظاهرة,عبري,3
craft,False,صنع المنتجات الحرفية من السعف,الظاهرة,ينقل,1
craft,False,صنع المنتجات الحرفية من السعف,الوسطى,الجازر,38
craft,False,صنع المنتجات الحرفية من السعف,الوسطى,الدقم,28
craft,False,صنع المنتجات الحرفية من السعف,الوسطى,محوت,4
craft,False,صنع المنتجات الحرفية من السعف,الوسطى,هيماء,4
craft,False,صنع المنتجات الحرفية من السعف,جنوب الباطنة,الرستاق,32
craft,False,صنع المنتجات الحرفية من السعف,جنوب الباطنة,العوابي,6
craft,False,صنع المنتجات الحرفية من السعف,جنوب الباطنة,المصنعة,1
craft,False,صنع المنتجات الحرفية من السعف,جنوب الباطنة,بركاء,2
craft,False,صنع المنتجات الحرفية من السعف,جنوب الباطنة,نخل,3
craft,False,صنع المنتجات الحرفية من السعف,جنوب الباطنة,وادي المعاول,5
craft,False,صنع المنتجات الحرفية من السعف,جنوب الشرقية,جعلان بنى بوحسن,3
craft,False,صنع المنتجات الحرفية من السعف,جنوب الشرقية,جعلان بنى بوعلى,1
craft,False,صنع المنتجات الحرفية من السعف,جنوب الشرقية,صور,1
craft,False,صنع المنتجات الحرفية من السعف,شمال الباطنة,الخابورة,1
craft,False,صنع المنتجات الحرفية من السعف,شمال الباطنة,السويق,1
craft,False,صنع المنتجات الحرفية من السعف,شمال الباطنة,شناص,2
craft,False,صنع المنتجات الحرفية من السعف,شمال الباطنة,صحار,5
craft,False,صنع المنتجات الحرفية من السعف,شمال الباطنة,صحم,2
craft,False,صنع المنتجات الحرفية من السعف,شمال الباطنة,لوى,2
craft,False,صنع المنتجات الحرفية من السعف,شمال الشرقية,ابراء,1
craft,False,صنع المنتجات الحرفية من السعف,شمال الشرقية,القابل,3
craft,False,صنع المنتجات الحرفية من السعف,شمال الشرقية,المضيبي,9
craft,False,صنع المنتجات الحرفية من السعف,شمال الشرقية,بدية,2
craft,False,صنع المنتجات الحرفية من السعف,شمال الشرقية,دماء والطائيين,1
craft,False,صنع المنتجات الحرفية من السعف,شمال الشرقية,وادى بنى خالد,10
craft,False,صنع المنتجات الحرفية من السعف,ظفار,المزيونة,5
craft,False,صنع المنتجات الحرفية من السعف,ظفار,ثمريت,5
craft,False,صنع المنتجات الحرفية من السعف,ظفار,رخيوت,4
craft,False,صنع المنتجات الحرفية من السعف,ظفار,سدح,77
craft,False,صنع المنتجات الحرفية من السعف,ظفار,شليم وجزر الحلانيات,81
craft,False,صنع المنتجات الحرفية من السعف,ظفار,صلالة,23
craft,False,صنع المنتجات الحرفية من السعف,ظفار,ضلكوت,2
craft,False,صنع المنتجات الحرفية من السعف,ظفار,طاقة,12
craft,False,صنع المنتجات الحرفية من السعف,ظفار,مرباط,6
craft,False,صنع المنتجات الحرفية من السعف,مسقط,السيب,5
craft,False,صنع المنتجات الحرفية من السعف,مسقط,العامرات,3
craft,False,صنع المنتجات الحرفية من السعف,مسقط,بوشر,1
craft,False,صنع المنتجات الحرفية من السعف,مسقط,قريات,5
craft,False,صنع المنتجات الحرفية من السعف,مسقط,مطرح,2
craft,False,صنع المنتجات الحرفية من السعف,مسندم,بخا,3
craft,False,صنع المنتجات الحرفية من السعف,مسندم,خصب,43
craft,False,صنع المنتجات الحرفية من السعف,مسندم,دبا البيعة,7
craft,False,صنع المنتجات الحرفية من الفخار والخزف,البريمي,البريمي,4
craft,False,صنع المنتجات الحرفية من الفخار والخزف,الداخلية,أدم,1
craft,False,صنع المنتجات الحرفية من الفخار والخزف,الداخلية,الحمراء,1
craft,False,صنع المنتجات الحرفية من الفخار والخزف,الداخلية,بدبد,3
craft,False,صنع المنتجات الحرفية من الفخار والخزف,الداخلية,بهلاء,17
craft,False,صنع المنتجات الحرفية من الفخار والخزف,الداخلية,منح,1
craft,False,صنع المنتجات الحرفية من الفخار والخزف,الداخلية,نزوى,1
craft,False,صنع المنتجات الحرفية من الفخار والخزف,الظاهرة,عبري,1
craft,False,صنع المنتجات الحرفية من الفخار والخزف,الظاهرة,ينقل,5
craft,False,صنع المنتجات الحرفية من الفخار والخزف,جنوب الباطنة,بركاء,2
craft,False,صنع المنتجات الحرفية من الفخار والخزف,جنوب الباطنة,وادي المعاول,2
craft,False,صنع المنتجات الحرفية من الفخار والخزف,جنوب الشرقية,جعلان بنى بوحسن,2
craft,False,صنع المنتجات الحرفية من الفخار والخزف,جنوب الشرقية,مصيرة,1
craft,False,صنع المنتجات الحرفية من الفخار والخزف,شمال الباطنة,الخابورة,2
craft,False,صنع المنتجات الحرفية من الفخار والخزف,شمال الباطنة,السويق,1
craft,False,صنع المنتجات الحرفية من الفخار والخزف,شمال الباطنة,شناص,1
craft,False,صنع المنتجات الحرفية من الفخار والخزف,شمال الباطنة,صحار,1
craft,False,صنع المنتجات الحرفية من الفخار والخزف,شمال الباطنة,صحم,1
craft,False,صنع المنتجات الحرفية من الفخار والخزف,شمال الشرقية,ابراء,3
craft,False,صنع المنتجات الحرفية من الفخار والخزف,شمال الشرقية,المضيبي,3
craft,False,صنع المنتجات الحرفية من الفخار والخزف,شمال الشرقية,بدية,1
craft,False,صنع المنتجات الحرفية من الفخار والخزف,شمال الشرقية,دماء والطائيين,1
craft,False,صنع المنتجات الحرفية من الفخار والخزف,شمال الشرقية,سناو,1
craft,False,صنع المنتجات الحرفية من الفخار والخزف,ظفار,ثمريت,1
craft,False,صنع المنتجات الحرفية من الفخار والخزف,ظفار,رخيوت,1
craft,False,صنع المنتجات الحرفية من الفخار والخزف,ظفار,سدح,18
craft,False,صنع المنتجات الحرفية من الفخار والخزف,ظفار,شليم وجزر الحلانيات,1
craft,False,صنع المنتجات الحرفية من الفخار والخزف,ظفار,صلالة,75
craft,False,صنع المنتجات الحرفية من الفخار والخزف,ظفار,ضلكوت,3
craft,False,صنع المنتجات الحرفية من الفخار والخزف,ظفار,طاقة,53
craft,False,صنع المنتجات الحرفية من الفخار والخزف,ظفار,مرباط,137
craft,False,صنع المنتجات الحرفية من الفخار والخزف,مسقط,السيب,15
craft,False,صنع المنتجات الحرفية من الفخار والخزف,مسقط,العامرات,2
craft,False,صنع المنتجات الحرفية من الفخار والخزف,مسقط,بوشر,6
craft,False,صنع المنتجات الحرفية من الفخار والخزف,مسندم,خصب,6
craft,False,صنع المنتجات الحرفية من الفضة,البريمي,البريمي,1
craft,False,صنع المنتجات الحرفية من الفضة,الداخلية,إزكي,3
craft,False,صنع المنتجات الحرفية من الفضة,الداخلية,بهلاء,1
craft,False,صنع المنتجات الحرفية من الفضة,الداخلية,سمائل,1
craft,False,صنع المنتجات الحرفية من الفضة,جنوب الباطنة,الرستاق,1
craft,False,صنع المنتجات الحرفية من الفضة,جنوب الباطنة,العوابي,1
craft,False,صنع المنتجات الحرفية من الفضة,جنوب الباطنة,المصنعة,1
craft,False,صنع المنتجات الحرفية من الفضة,جنوب الباطنة,بركاء,1
craft,False,صنع المنتجات الحرفية من الفضة,جنوب الباطنة,نخل,2
craft,False,صنع المنتجات الحرفية من الفضة,جنوب الباطنة,وادي المعاول,1
craft,False,صنع المنتجات الحرفية من الفضة,جنوب الشرقية,جعلان بنى بوعلى,3
craft,False,صنع المنتجات الحرفية من الفضة,جنوب الشرقية,صور,1
craft,False,صنع المنتجات الحرفية من الفضة,جنوب الشرقية,مصيرة,1
craft,False,صنع المنتجات الحرفية من الفضة,شمال الباطنة,الخابورة,1
craft,False,صنع المنتجات الحرفية من الفضة,شمال الباطنة,شناص,2
craft,False,صنع المنتجات الحرفية من الفضة,شمال الباطنة,صحار,1
craft,False,صنع المنتجات الحرفية من الفضة,شمال الباطنة,صحم,1
craft,False,صنع المنتجات الحرفية من الفضة,شمال الشرقية,ابراء,3
craft,False,صنع المنتجات الحرفية من الفضة,شمال الشرقية,المضيبي,1
craft,False,صنع المنتجات الحرفية من الفضة,شمال الشرقية,سناو,1
craft,False,صنع المنتجات الحرفية من الفضة,شمال الشرقية,وادى بنى خالد,1
craft,False,صنع المنتجات الحرفية من الفضة,ظفار,صلالة,5
craft,False,صنع المنتجات الحرفية من الفضة,مسقط,السيب,18
craft,False,صنع المنتجات الحرفية من الفضة,مسقط,العامرات,3
craft,False,صنع المنتجات الحرفية من الفضة,مسقط,بوشر,11
craft,False,صنع المنتجات الحرفية من الفضة,مسقط,مسقط,1
craft,False,صنع المنتجات الحرفية من الفضة,مسقط,مطرح,1
craft,False,صنع المنتجات الحرفية من النحاس والمعادن,البريمي,البريمي,2
craft,False,صنع المنتجات الحرفية من النحاس والمعادن,الداخلية,إزكي,3
craft,False,صنع المنتجات الحرفية من النحاس والمعادن,الداخلية,بدبد,2
craft,False,صنع المنتجات الحرفية من النحاس والمعادن,الداخلية,بهلاء,2
craft,False,صنع المنتجات الحرفية من النحاس والمعادن,الداخلية,منح,1
craft,False,صنع المنتجات الحرفية من النحاس والمعادن,الظاهرة,ينقل,1
craft,False,صنع المنتجات الحرفية من النحاس والمعادن,الوسطى,محوت,1
craft,False,صنع المنتجات الحرفية من النحاس والمعادن,جنوب الشرقية,صور,1
craft,False,صنع المنتجات الحرفية من النحاس والمعادن,شمال الباطنة,السويق,1
craft,False,صنع المنتجات الحرفية من النحاس والمعادن,شمال الباطنة,صحار,1
craft,False,صنع المنتجات الحرفية من النحاس والمعادن,شمال الشرقية,ابراء,2
craft,False,صنع المنتجات الحرفية من النحاس والمعادن,شمال الشرقية,المضيبي,1
craft,False,صنع المنتجات الحرفية من النحاس والمعادن,ظفار,شليم وجزر الحلانيات,1
craft,False,صنع المنتجات الحرفية من النحاس والمعادن,مسقط,السيب,7
craft,False,صنع المنتجات الحرفية من النحاس والمعادن,مسقط,بوشر,6
craft,False,صنع المنتجات الحرفية من النحاس والمعادن,مسقط,مسقط,1
craft,False,صنع المنتجات الحرفية من النحاس والمعادن,مسقط,مطرح,2
craft,False,صنع المنتجات الحرفية من النحاس والمعادن,مسندم,خصب,8
craft,False,صنع المنتجات الحرفية من النسيج القطني أو الصوف,البريمي,البريمي,3
craft,False,صنع المنتجات الحرفية من النسيج القطني أو الصوف,الداخلية,أدم,12
craft,False,صنع المنتجات الحرفية من النسيج القطني أو الصوف,الداخلية,إزكي,1
craft,False,صنع المنتجات الحرفية من النسيج القطني أو الصوف,الداخلية,الجبل الأخضر,1
craft,False,صنع المنتجات الحرفية من النسيج القطني أو الصوف,الداخلية,الحمراء,11
craft,False,صنع المنتجات الحرفية من النسيج القطني أو الصوف,الداخلية,بدبد,1
craft,False,صنع المنتجات الحرفية من النسيج القطني أو الصوف,الداخلية,بهلاء,27
craft,False,صنع المنتجات الحرفية من النسيج القطني أو الصوف,الداخلية,سمائل,10
craft,False,صنع المنتجات الحرفية من النسيج القطني أو الصوف,الداخلية,نزوى,5
craft,False,صنع المنتجات الحرفية من النسيج القطني أو الصوف,الظاهرة,ضنك,16
craft,False,صنع المنتجات الحرفية من النسيج القطني أو الصوف,الظاهرة,عبري,12
craft,False,صنع المنتجات الحرفية من النسيج القطني أو الصوف,الوسطى,الجازر,32
craft,False,صنع المنتجات الحرفية من النسيج القطني أو الصوف,الوسطى,الدقم,24
craft,False,صنع المنتجات الحرفية من النسيج القطني أو الصوف,الوسطى,محوت,424
craft,False,صنع المنتجات الحرفية من النسيج القطني أو الصوف,الوسطى,هيماء,179
craft,False,صنع المنتجات الحرفية من النسيج القطني أو الصوف,جنوب الباطنة,الرستاق,5
craft,False,صنع المنتجات الحرفية من النسيج القطني أو الصوف,جنوب الباطنة,العوابي,1
craft,False,صنع المنتجات الحرفية من النسيج القطني أو الصوف,جنوب الباطنة,المصنعة,6
craft,False,صنع المنتجات الحرفية من النسيج القطني أو الصوف,جنوب الباطنة,بركاء,1
craft,False,صنع المنتجات الحرفية من النسيج القطني أو الصوف,جنوب الشرقية,الكامل والوافي,8
craft,False,صنع المنتجات الحرفية من النسيج القطني أو الصوف,جنوب الشرقية,جعلان بنى بوحسن,7
craft,False,صنع المنتجات الحرفية من النسيج القطني أو الصوف,جنوب الشرقية,جعلان بنى بوعلى,3
craft,False,صنع المنتجات الحرفية من النسيج القطني أو الصوف,جنوب الشرقية,صور,4
craft,False,صنع المنتجات الحرفية من النسيج القطني أو الصوف,جنوب الشرقية,مصيرة,47
craft,False,صنع المنتجات الحرفية من النسيج القطني أو الصوف,شمال الباطنة,الخابورة,21
craft,False,صنع المنتجات الحرفية من النسيج القطني أو الصوف,شمال الباطنة,السويق,16
craft,False,صنع المنتجات الحرفية من النسيج القطني أو الصوف,شمال الباطنة,شناص,3
craft,False,صنع المنتجات الحرفية من النسيج القطني أو الصوف,شمال الباطنة,صحار,8
craft,False,صنع المنتجات الحرفية من النسيج القطني أو الصوف,شمال الباطنة,صحم,6
craft,False,صنع المنتجات الحرفية من النسيج القطني أو الصوف,شمال الشرقية,ابراء,133
craft,False,صنع المنتجات الحرفية من النسيج القطني أو الصوف,شمال الشرقية,القابل,282
craft,False,صنع المنتجات الحرفية من النسيج القطني أو الصوف,شمال الشرقية,المضيبي,193
craft,False,صنع المنتجات الحرفية من النسيج القطني أو الصوف,شمال الشرقية,بدية,287
craft,False,صنع المنتجات الحرفية من النسيج القطني أو الصوف,شمال الشرقية,دماء والطائيين,13
craft,False,صنع المنتجات الحرفية من النسيج القطني أو الصوف,شمال الشرقية,سناو,63
craft,False,صنع المنتجات الحرفية من النسيج القطني أو الصوف,شمال الشرقية,وادى بنى خالد,46
craft,False,صنع المنتجات الحرفية من النسيج القطني أو الصوف,ظفار,المزيونة,12
craft,False,صنع المنتجات الحرفية من النسيج القطني أو الصوف,ظفار,ثمريت,1
craft,False,صنع المنتجات الحرفية من النسيج القطني أو الصوف,ظفار,رخيوت,10
craft,False,صنع المنتجات الحرفية من النسيج القطني أو الصوف,ظفار,سدح,49
craft,False,صنع المنتجات الحرفية من النسيج القطني أو الصوف,ظفار,شليم وجزر الحلانيات,6
craft,False,صنع المنتجات الحرفية من النسيج القطني أو الصوف,ظفار,صلالة,31
craft,False,صنع المنتجات الحرفية من النسيج القطني أو الصوف,ظفار,ضلكوت,1
craft,False,صنع المنتجات الحرفية من النسيج القطني أو الصوف,ظفار,طاقة,27
craft,False,صنع المنتجات الحرفية من النسيج القطني أو الصوف,ظفار,مرباط,82
craft,False,صنع المنتجات الحرفية من النسيج القطني أو الصوف,ظفار,مقشن,1
craft,False,صنع المنتجات الحرفية من النسيج القطني أو الصوف,مسقط,السيب,11
craft,False,صنع المنتجات الحرفية من النسيج القطني أو الصوف,مسقط,العامرات,3
craft,False,صنع المنتجات الحرفية من النسيج القطني أو الصوف,مسقط,بوشر,12
craft,False,صنع المنتجات الحرفية من النسيج القطني أو الصوف,مسقط,قريات,2
craft,False,صنع المنتجات الحرفية من النسيج القطني أو الصوف,مسقط,مسقط,4
craft,False,صنع المنتجات الحرفية من النسيج القطني أو الصوف,مسقط,مطرح,2
craft,False,صنع المنتجات الحرفية من النسيج القطني أو الصوف,مسندم,بخا,1
craft,False,صنع المنتجات الحرفية من النسيج القطني أو الصوف,مسندم,خصب,7
craft,False,صنع وتجهيز البخور,البريمي,البريمي,183
craft,False,صنع وتجهيز البخور,البريمي,محضة,6
craft,False,صنع وتجهيز البخور,الداخلية,أدم,2
craft,False,صنع وتجهيز البخور,الداخلية,إزكي,8
craft,False,صنع وتجهيز البخور,الداخلية,الجبل الأخضر,1
craft,False,صنع وتجهيز البخور,الداخلية,الحمراء,2
craft,False,صنع وتجهيز البخور,الداخلية,بدبد,8
craft,False,صنع وتجهيز البخور,الداخلية,بهلاء,17
craft,False,صنع وتجهيز البخور,الداخلية,سمائل,9
craft,False,صنع وتجهيز البخور,الداخلية,منح,6
craft,False,صنع وتجهيز البخور,الداخلية,نزوى,22
craft,False,صنع وتجهيز البخور,الظاهرة,ضنك,5
craft,False,صنع وتجهيز البخور,الظاهرة,عبري,25
craft,False,صنع وتجهيز البخور,الظاهرة,ينقل,3
craft,False,صنع وتجهيز البخور,الوسطى,الجازر,10
craft,False,صنع وتجهيز البخور,الوسطى,الدقم,18
craft,False,صنع وتجهيز البخور,الوسطى,محوت,4
craft,False,صنع وتجهيز البخور,الوسطى,هيماء,7
craft,False,صنع وتجهيز البخور,جنوب الباطنة,الرستاق,92
craft,False,صنع وتجهيز البخور,جنوب الباطنة,العوابي,16
craft,False,صنع وتجهيز البخور,جنوب الباطنة,المصنعة,88
craft,False,صنع وتجهيز البخور,جنوب الباطنة,بركاء,104
craft,False,صنع وتجهيز البخور,جنوب الباطنة,نخل,10
craft,False,صنع وتجهيز البخور,جنوب الباطنة,وادي المعاول,12
craft,False,صنع وتجهيز البخور,جنوب الشرقية,الكامل والوافي,122
craft,False,صنع وتجهيز البخور,جنوب الشرقية,جعلان بنى بوحسن,86
craft,False,صنع وتجهيز البخور,جنوب الشرقية,جعلان بنى بوعلى,170
craft,False,صنع وتجهيز البخور,جنوب الشرقية,صور,153
craft,False,صنع وتجهيز البخور,جنوب الشرقية,مصيرة,9
craft,False,صنع وتجهيز البخور,شمال الباطنة,الخابورة,60
craft,False,صنع وتجهيز البخور,شمال الباطنة,السويق,72
craft,False,صنع وتجهيز البخور,شمال الباطنة,شناص,33
craft,False,صنع وتجهيز البخور,شمال الباطنة,صحار,149
craft,False,صنع وتجهيز البخور,شمال الباطنة,صحم,167
craft,False,صنع وتجهيز البخور,شمال الباطنة,لوى,26
craft,False,صنع وتجهيز البخور,شمال الشرقية,ابراء,18
craft,False,صنع وتجهيز البخور,شمال الشرقية,القابل,7
craft,False,صنع وتجهيز البخور,شمال الشرقية,المضيبي,12
craft,False,صنع وتجهيز البخور,شمال الشرقية,بدية,9
craft,False,صنع وتجهيز البخور,شمال الشرقية,دماء والطائيين,4
craft,False,صنع وتجهيز البخور,شمال الشرقية,سناو,7
craft,False,صنع وتجهيز البخور,شمال الشرقية,وادى بنى خالد,1
craft,False,صنع وتجهيز البخور,ظفار,المزيونة,17
craft,False,صنع وتجهيز البخور,ظفار,ثمريت,58
craft,False,صنع وتجهيز البخور,ظفار,رخيوت,22
craft,False,صنع وتجهيز البخور,ظفار,سدح,62
craft,False,صنع وتجهيز البخور,ظفار,شليم وجزر الحلانيات,3
craft,False,صنع وتجهيز البخور,ظفار,صلالة,898
craft,False,صنع وتجهيز البخور,ظفار,ضلكوت,11
craft,False,صنع وتجهيز البخور,ظفار,طاقة,110
craft,False,صنع وتجهيز البخور,ظفار,مرباط,98
craft,False,صنع وتجهيز البخور,مسقط,السيب,151
craft,False,صنع وتجهيز البخور,مسقط,العامرات,34
craft,False,صنع وتجهيز البخور,مسقط,بوشر,46
craft,False,صنع وتجهيز البخور,مسقط,قريات,7
craft,False,صنع وتجهيز البخور,مسقط,مسقط,10
craft,False,صنع وتجهيز البخور,مسقط,مطرح,13
craft,False,صنع وتجهيز البخور,مسندم,بخا,15
craft,False,صنع وتجهيز البخور,مسندم,خصب,345
craft,False,صنع وتجهيز البخور,مسندم,دبا البيعة,49
craft,False,صنع وتجهيز البخور,مسندم,مدحا,5
craft,False,صنع وتفصيل الكمة العمانية,البريمي,البريمي,2
craft,False,صنع وتفصيل الكمة العمانية,الداخلية,أدم,2
craft,False,صنع وتفصيل الكمة العمانية,الداخلية,الحمراء,1
craft,False,صنع وتفصيل الكمة العمانية,الداخلية,بدبد,4
craft,False,صنع وتفصيل الكمة العمانية,الداخلية,بهلاء,2
craft,False,صنع وتفصيل الكمة العمانية,الداخلية,سمائل,4
craft,False,صنع وتفصيل الكمة العمانية,الداخلية,نزوى,3
craft,False,صنع وتفصيل الكمة العمانية,الظاهرة,عبري,4
craft,False,صنع وتفصيل الكمة العمانية,الظاهرة,ينقل,1
craft,False,صنع وتفصيل الكمة العمانية,جنوب الباطنة,الرستاق,4
craft,False,صنع وتفصيل الكمة العمانية,جنوب الباطنة,العوابي,1
craft,False,صنع وتفصيل الكمة العمانية,جنوب الباطنة,المصنعة,5
craft,False,صنع وتفصيل الكمة العمانية,جنوب الباطنة,بركاء,4
craft,False,صنع وتفصيل الكمة العمانية,جنوب الباطنة,وادي المعاول,1
craft,False,صنع وتفصيل الكمة العمانية,جنوب الشرقية,الكامل والوافي,3
craft,False,صنع وتفصيل الكمة العمانية,جنوب الشرقية,جعلان بنى بوعلى,2
craft,False,صنع وتفصيل الكمة العمانية,جنوب الشرقية,صور,20
craft,False,صنع وتفصيل الكمة العمانية,جنوب الشرقية,مصيرة,1
craft,False,صنع وتفصيل الكمة العمانية,شمال الباطنة,الخابورة,3
craft,False,صنع وتفصيل الكمة العمانية,شمال الباطنة,السويق,22
craft,False,صنع وتفصيل الكمة العمانية,شمال الباطنة,شناص,1
craft,False,صنع وتفصيل الكمة العمانية,شمال الباطنة,صحار,13
craft,False,صنع وتفصيل الكمة العمانية,شمال الباطنة,صحم,5
craft,False,صنع وتفصيل الكمة العمانية,شمال الباطنة,لوى,2
craft,False,صنع وتفصيل الكمة العمانية,شمال الشرقية,ابراء,4
craft,False,صنع وتفصيل الكمة العمانية,شمال الشرقية,القابل,1
craft,False,صنع وتفصيل الكمة العمانية,شمال الشرقية,المضيبي,2
craft,False,صنع وتفصيل الكمة العمانية,شمال الشرقية,بدية,1
craft,False,صنع وتفصيل الكمة العمانية,شمال الشرقية,سناو,2
craft,False,صنع وتفصيل الكمة العمانية,شمال الشرقية,وادى بنى خالد,2
craft,False,صنع وتفصيل الكمة العمانية,ظفار,صلالة,23
craft,False,صنع وتفصيل الكمة العمانية,ظفار,ضلكوت,1
craft,False,صنع وتفصيل الكمة العمانية,ظفار,مرباط,2
craft,False,صنع وتفصيل الكمة العمانية,مسقط,السيب,34
craft,False,صنع وتفصيل الكمة العمانية,مسقط,العامرات,3
craft,False,صنع وتفصيل الكمة العمانية,مسقط,بوشر,15
craft,False,صنع وتفصيل الكمة العمانية,مسقط,قريات,1
craft,False,صنع وتفصيل الكمة العمانية,مسقط,مسقط,6
craft,False,صنع وتفصيل الكمة العمانية,مسقط,مطرح,6
craft,True,البيع بالتجزئة في المتاجر المتخصصة للخناجر العمانية,البريمي,البريمي,1
craft,True,البيع بالتجزئة في المتاجر المتخصصة للخناجر العمانية,الداخلية,إزكي,1
craft,True,البيع بالتجزئة في المتاجر المتخصصة للخناجر العمانية,الداخلية,الجبل الأخضر,1
craft,True,البيع بالتجزئة في المتاجر المتخصصة للخناجر العمانية,الداخلية,بدبد,1
craft,True,البيع بالتجزئة في المتاجر المتخصصة للخناجر العمانية,الداخلية,بهلاء,1
craft,True,البيع بالتجزئة في المتاجر المتخصصة للخناجر العمانية,الداخلية,سمائل,1
craft,True,البيع بالتجزئة في المتاجر المتخصصة للخناجر العمانية,الداخلية,نزوى,3
craft,True,البيع بالتجزئة في المتاجر المتخصصة للخناجر العمانية,الظاهرة,عبري,1
craft,True,البيع بالتجزئة في المتاجر المتخصصة للخناجر العمانية,الظاهرة,ينقل,1
craft,True,البيع بالتجزئة في المتاجر المتخصصة للخناجر العمانية,جنوب الشرقية,صور,2
craft,True,البيع بالتجزئة في المتاجر المتخصصة للخناجر العمانية,شمال الباطنة,الخابورة,2
craft,True,البيع بالتجزئة في المتاجر المتخصصة للخناجر العمانية,شمال الباطنة,السويق,1
craft,True,البيع بالتجزئة في المتاجر المتخصصة للخناجر العمانية,شمال الباطنة,صحار,2
craft,True,البيع بالتجزئة في المتاجر المتخصصة للخناجر العمانية,شمال الباطنة,صحم,2
craft,True,البيع بالتجزئة في المتاجر المتخصصة للخناجر العمانية,شمال الشرقية,المضيبي,1
craft,True,البيع بالتجزئة في المتاجر المتخصصة للخناجر العمانية,شمال الشرقية,بدية,2
craft,True,البيع بالتجزئة في المتاجر المتخصصة للخناجر العمانية,ظفار,شليم وجزر الحلانيات,1
craft,True,البيع بالتجزئة في المتاجر المتخصصة للخناجر العمانية,ظفار,صلالة,3
craft,True,البيع بالتجزئة في المتاجر المتخصصة للخناجر العمانية,ظفار,مرباط,1
craft,True,البيع بالتجزئة في المتاجر المتخصصة للخناجر العمانية,مسقط,السيب,6
craft,True,البيع بالتجزئة في المتاجر المتخصصة للخناجر العمانية,مسقط,العامرات,1
craft,True,البيع بالتجزئة في المتاجر المتخصصة للخناجر العمانية,مسقط,بوشر,3
craft,True,البيع بالتجزئة في المتاجر المتخصصة للخناجر العمانية,مسقط,مطرح,1
craft,True,البيع بالتجزئة في المتاجر المتخصصة للفخاريات والمشغولات اليدوية,الداخلية,إزكي,1
craft,True,البيع بالتجزئة في المتاجر المتخصصة للفخاريات والمشغولات اليدوية,الداخلية,بدبد,1
craft,True,البيع بالتجزئة في المتاجر المتخصصة للفخاريات والمشغولات اليدوية,الداخلية,نزوى,2
craft,True,البيع بالتجزئة في المتاجر المتخصصة للفخاريات والمشغولات اليدوية,الظاهرة,ضنك,1
craft,True,البيع بالتجزئة في المتاجر المتخصصة للفخاريات والمشغولات اليدوية,الظاهرة,عبري,3
craft,True,البيع بالتجزئة في المتاجر المتخصصة للفخاريات والمشغولات اليدوية,جنوب الباطنة,بركاء,2
craft,True,البيع بالتجزئة في المتاجر المتخصصة للفخاريات والمشغولات اليدوية,جنوب الشرقية,صور,1
craft,True,البيع بالتجزئة في المتاجر المتخصصة للفخاريات والمشغولات اليدوية,شمال الباطنة,الخابورة,1
craft,True,البيع بالتجزئة في المتاجر المتخصصة للفخاريات والمشغولات اليدوية,شمال الباطنة,السويق,1
craft,True,البيع بالتجزئة في المتاجر المتخصصة للفخاريات والمشغولات اليدوية,شمال الباطنة,شناص,1
craft,True,البيع بالتجزئة في المتاجر المتخصصة للفخاريات والمشغولات اليدوية,شمال الباطنة,صحار,4
craft,True,البيع بالتجزئة في المتاجر المتخصصة للفخاريات والمشغولات اليدوية,شمال الشرقية,ابراء,1
craft,True,البيع بالتجزئة في المتاجر المتخصصة للفخاريات والمشغولات اليدوية,شمال الشرقية,سناو,1
craft,True,البيع بالتجزئة في المتاجر المتخصصة للفخاريات والمشغولات اليدوية,شمال الشرقية,وادى بنى خالد,1
craft,True,البيع بالتجزئة في المتاجر المتخصصة للفخاريات والمشغولات اليدوية,ظفار,المزيونة,1
craft,True,البيع بالتجزئة في المتاجر المتخصصة للفخاريات والمشغولات اليدوية,ظفار,ثمريت,1
craft,True,البيع بالتجزئة في المتاجر المتخصصة للفخاريات والمشغولات اليدوية,ظفار,رخيوت,1
craft,True,البيع بالتجزئة في المتاجر المتخصصة للفخاريات والمشغولات اليدوية,ظفار,سدح,1
craft,True,البيع بالتجزئة في المتاجر المتخصصة للفخاريات والمشغولات اليدوية,ظفار,شليم وجزر الحلانيات,4
craft,True,البيع بالتجزئة في المتاجر المتخصصة للفخاريات والمشغولات اليدوية,ظفار,صلالة,18
craft,True,البيع بالتجزئة في المتاجر المتخصصة للفخاريات والمشغولات اليدوية,ظفار,طاقة,4
craft,True,البيع بالتجزئة في المتاجر المتخصصة للفخاريات والمشغولات اليدوية,ظفار,مرباط,1
craft,True,البيع بالتجزئة في المتاجر المتخصصة للفخاريات والمشغولات اليدوية,مسقط,السيب,17
craft,True,البيع بالتجزئة في المتاجر المتخصصة للفخاريات والمشغولات اليدوية,مسقط,العامرات,1
craft,True,البيع بالتجزئة في المتاجر المتخصصة للفخاريات والمشغولات اليدوية,مسقط,بوشر,12
craft,True,البيع بالتجزئة في المتاجر المتخصصة للفخاريات والمشغولات اليدوية,مسقط,مسقط,1
craft,True,البيع بالتجزئة في المتاجر المتخصصة للفخاريات والمشغولات اليدوية,مسقط,مطرح,1
craft,True,البيع بالتجزئة في المتاجر المتخصصة للفضيات والهدايا,البريمي,البريمي,18
craft,True,البيع بالتجزئة في المتاجر المتخصصة للفضيات والهدايا,الداخلية,أدم,5
craft,True,البيع بالتجزئة في المتاجر المتخصصة للفضيات والهدايا,الداخلية,إزكي,17
craft,True,البيع بالتجزئة في المتاجر المتخصصة للفضيات والهدايا,الداخلية,الجبل الأخضر,6
craft,True,البيع بالتجزئة في المتاجر المتخصصة للفضيات والهدايا,الداخلية,الحمراء,1
craft,True,البيع بالتجزئة في المتاجر المتخصصة للفضيات والهدايا,الداخلية,بدبد,4
craft,True,البيع بالتجزئة في المتاجر المتخصصة للفضيات والهدايا,الداخلية,بهلاء,29
craft,True,البيع بالتجزئة في المتاجر المتخصصة للفضيات والهدايا,الداخلية,سمائل,15
craft,True,البيع بالتجزئة في المتاجر المتخصصة للفضيات والهدايا,الداخلية,منح,13
craft,True,البيع بالتجزئة في المتاجر المتخصصة للفضيات والهدايا,الداخلية,نزوى,27
craft,True,البيع بالتجزئة في المتاجر المتخصصة للفضيات والهدايا,الظاهرة,ضنك,3
craft,True,البيع بالتجزئة في المتاجر المتخصصة للفضيات والهدايا,الظاهرة,عبري,58
craft,True,البيع بالتجزئة في المتاجر المتخصصة للفضيات والهدايا,الظاهرة,ينقل,8
craft,True,البيع بالتجزئة في المتاجر المتخصصة للفضيات والهدايا,الوسطى,الدقم,3
craft,True,البيع بالتجزئة في المتاجر المتخصصة للفضيات والهدايا,الوسطى,محوت,1
craft,True,البيع بالتجزئة في المتاجر المتخصصة للفضيات والهدايا,الوسطى,هيماء,1
craft,True,البيع بالتجزئة في المتاجر المتخصصة للفضيات والهدايا,جنوب الباطنة,الرستاق,14
craft,True,البيع بالتجزئة في المتاجر المتخصصة للفضيات والهدايا,جنوب الباطنة,العوابي,3
craft,True,البيع بالتجزئة في المتاجر المتخصصة للفضيات والهدايا,جنوب الباطنة,المصنعة,8
craft,True,البيع بالتجزئة في المتاجر المتخصصة للفضيات والهدايا,جنوب الباطنة,بركاء,16
craft,True,البيع بالتجزئة في المتاجر المتخصصة للفضيات والهدايا,جنوب الباطنة,نخل,4
craft,True,البيع بالتجزئة في المتاجر المتخصصة للفضيات والهدايا,جنوب الباطنة,وادي المعاول,3
craft,True,البيع بالتجزئة في المتاجر المتخصصة للفضيات والهدايا,جنوب الشرقية,الكامل والوافي,5
craft,True,البيع بالتجزئة في المتاجر المتخصصة للفضيات والهدايا,جنوب الشرقية,جعلان بنى بوحسن,2
craft,True,البيع بالتجزئة في المتاجر المتخصصة للفضيات والهدايا,جنوب الشرقية,جعلان بنى بوعلى,3
craft,True,البيع بالتجزئة في المتاجر المتخصصة للفضيات والهدايا,جنوب الشرقية,صور,15
craft,True,البيع بالتجزئة في المتاجر المتخصصة للفضيات والهدايا,شمال الباطنة,الخابورة,10
craft,True,البيع بالتجزئة في المتاجر المتخصصة للفضيات والهدايا,شمال الباطنة,السويق,18
craft,True,البيع بالتجزئة في المتاجر المتخصصة للفضيات والهدايا,شمال الباطنة,شناص,10
craft,True,البيع بالتجزئة في المتاجر المتخصصة للفضيات والهدايا,شمال الباطنة,صحار,41
craft,True,البيع بالتجزئة في المتاجر المتخصصة للفضيات والهدايا,شمال الباطنة,صحم,30
craft,True,البيع بالتجزئة في المتاجر المتخصصة للفضيات والهدايا,شمال الباطنة,لوى,5
craft,True,البيع بالتجزئة في المتاجر المتخصصة للفضيات والهدايا,شمال الشرقية,ابراء,19
craft,True,البيع بالتجزئة في المتاجر المتخصصة للفضيات والهدايا,شمال الشرقية,القابل,2
craft,True,البيع بالتجزئة في المتاجر المتخصصة للفضيات والهدايا,شمال الشرقية,المضيبي,15
craft,True,البيع بالتجزئة في المتاجر المتخصصة للفضيات والهدايا,شمال الشرقية,بدية,3
craft,True,البيع بالتجزئة في المتاجر المتخصصة للفضيات والهدايا,شمال الشرقية,دماء والطائيين,2
craft,True,البيع بالتجزئة في المتاجر المتخصصة للفضيات والهدايا,شمال الشرقية,سناو,14
craft,True,البيع بالتجزئة في المتاجر المتخصصة للفضيات والهدايا,شمال الشرقية,وادى بنى خالد,1
craft,True,البيع بالتجزئة في المتاجر المتخصصة للفضيات والهدايا,ظفار,المزيونة,1
craft,True,البيع بالتجزئة في المتاجر المتخصصة للفضيات والهدايا,ظفار,شليم وجزر الحلانيات,1
craft,True,البيع بالتجزئة في المتاجر المتخصصة للفضيات والهدايا,ظفار,صلالة,52
craft,True,البيع بالتجزئة في المتاجر المتخصصة للفضيات والهدايا,ظفار,طاقة,3
craft,True,البيع بالتجزئة في المتاجر المتخصصة للفضيات والهدايا,ظفار,مرباط,1
craft,True,البيع بالتجزئة في المتاجر المتخصصة للفضيات والهدايا,مسقط,السيب,146
craft,True,البيع بالتجزئة في المتاجر المتخصصة للفضيات والهدايا,مسقط,العامرات,15
craft,True,البيع بالتجزئة في المتاجر المتخصصة للفضيات والهدايا,مسقط,بوشر,89
craft,True,البيع بالتجزئة في المتاجر المتخصصة للفضيات والهدايا,مسقط,قريات,11
craft,True,البيع بالتجزئة في المتاجر المتخصصة للفضيات والهدايا,مسقط,مسقط,12
craft,True,البيع بالتجزئة في المتاجر المتخصصة للفضيات والهدايا,مسقط,مطرح,44
craft,True,البيع بالتجزئة في المتاجر المتخصصة للفضيات والهدايا,مسندم,خصب,3
craft,True,البيع بالتجزئة في المتاجر المتخصصة للفضيات والهدايا,مسندم,مدحا,1
craft,True,البيع بالتجزئة في المتاجر المتخصصة للمنتجات الحرفية,الداخلية,سمائل,1
craft,True,البيع بالتجزئة في المتاجر المتخصصة للمنتجات الحرفية,الظاهرة,عبري,2
craft,True,البيع بالتجزئة في المتاجر المتخصصة للمنتجات الحرفية,الوسطى,الجازر,1
craft,True,البيع بالتجزئة في المتاجر المتخصصة للمنتجات الحرفية,الوسطى,الدقم,3
craft,True,البيع بالتجزئة في المتاجر المتخصصة للمنتجات الحرفية,الوسطى,محوت,1
craft,True,البيع بالتجزئة في المتاجر المتخصصة للمنتجات الحرفية,شمال الباطنة,السويق,1
craft,True,البيع بالتجزئة في المتاجر المتخصصة للمنتجات الحرفية,شمال الشرقية,القابل,1
craft,True,البيع بالتجزئة في المتاجر المتخصصة للمنتجات الحرفية,شمال الشرقية,بدية,1
craft,True,البيع بالتجزئة في المتاجر المتخصصة للمنتجات الحرفية,شمال الشرقية,سناو,1
craft,True,البيع بالتجزئة في المتاجر المتخصصة للمنتجات الحرفية,ظفار,رخيوت,1
craft,True,البيع بالتجزئة في المتاجر المتخصصة للمنتجات الحرفية,ظفار,شليم وجزر الحلانيات,17
craft,True,البيع بالتجزئة في المتاجر المتخصصة للمنتجات الحرفية,ظفار,صلالة,6
craft,True,البيع بالتجزئة في المتاجر المتخصصة للمنتجات الحرفية,ظفار,مرباط,1
craft,True,البيع بالتجزئة في المتاجر المتخصصة للمنتجات الحرفية,مسقط,السيب,6
craft,True,البيع بالتجزئة في المتاجر المتخصصة للمنتجات الحرفية,مسقط,العامرات,1
craft,True,البيع بالتجزئة في المتاجر المتخصصة للمنتجات الحرفية,مسقط,بوشر,8
craft,True,البيع بالتجزئة في المتاجر المتخصصة للمنتجات الحرفية,مسندم,خصب,1
craft,True,صنع الخناجر العمانية,جنوب الشرقية,صور,2
craft,True,صنع الخناجر العمانية,ظفار,صلالة,2
craft,True,صنع الخناجر العمانية,مسقط,السيب,1
craft,True,صنع المنتجات الحرفية المشتقة من العظام,شمال الشرقية,بدية,3
craft,True,صنع المنتجات الحرفية المشتقة من العظام,ظفار,ثمريت,8
craft,True,صنع المنتجات الحرفية المشتقة من العظام,ظفار,صلالة,2
craft,True,صنع المنتجات الحرفية المشتقة من العظام,مسندم,خصب,1
craft,True,صنع المنتجات الحرفية بتقطير الزهور والاعشاب,البريمي,البريمي,2
craft,True,صنع المنتجات الحرفية بتقطير الزهور والاعشاب,الداخلية,إزكي,1
craft,True,صنع المنتجات الحرفية بتقطير الزهور والاعشاب,الداخلية,الجبل الأخضر,2
craft,True,صنع المنتجات الحرفية بتقطير الزهور والاعشاب,الداخلية,بهلاء,1
craft,True,صنع المنتجات الحرفية بتقطير الزهور والاعشاب,الداخلية,سمائل,1
craft,True,صنع المنتجات الحرفية بتقطير الزهور والاعشاب,الداخلية,نزوى,1
craft,True,صنع المنتجات الحرفية بتقطير الزهور والاعشاب,الظاهرة,ضنك,2
craft,True,صنع المنتجات الحرفية بتقطير الزهور والاعشاب,الظاهرة,عبري,5
craft,True,صنع المنتجات الحرفية بتقطير الزهور والاعشاب,الظاهرة,ينقل,1
craft,True,صنع المنتجات الحرفية بتقطير الزهور والاعشاب,الوسطى,الدقم,2
craft,True,صنع المنتجات الحرفية بتقطير الزهور والاعشاب,جنوب الباطنة,بركاء,1
craft,True,صنع المنتجات الحرفية بتقطير الزهور والاعشاب,جنوب الباطنة,نخل,2
craft,True,صنع المنتجات الحرفية بتقطير الزهور والاعشاب,جنوب الباطنة,وادي المعاول,2
craft,True,صنع المنتجات الحرفية بتقطير الزهور والاعشاب,جنوب الشرقية,الكامل والوافي,1
craft,True,صنع المنتجات الحرفية بتقطير الزهور والاعشاب,جنوب الشرقية,جعلان بنى بوحسن,1
craft,True,صنع المنتجات الحرفية بتقطير الزهور والاعشاب,جنوب الشرقية,صور,2
craft,True,صنع المنتجات الحرفية بتقطير الزهور والاعشاب,شمال الباطنة,الخابورة,1
craft,True,صنع المنتجات الحرفية بتقطير الزهور والاعشاب,شمال الباطنة,السويق,1
craft,True,صنع المنتجات الحرفية بتقطير الزهور والاعشاب,شمال الباطنة,شناص,1
craft,True,صنع المنتجات الحرفية بتقطير الزهور والاعشاب,شمال الباطنة,صحار,1
craft,True,صنع المنتجات الحرفية بتقطير الزهور والاعشاب,شمال الباطنة,صحم,3
craft,True,صنع المنتجات الحرفية بتقطير الزهور والاعشاب,شمال الباطنة,لوى,2
craft,True,صنع المنتجات الحرفية بتقطير الزهور والاعشاب,شمال الشرقية,ابراء,3
craft,True,صنع المنتجات الحرفية بتقطير الزهور والاعشاب,شمال الشرقية,القابل,1
craft,True,صنع المنتجات الحرفية بتقطير الزهور والاعشاب,شمال الشرقية,المضيبي,1
craft,True,صنع المنتجات الحرفية بتقطير الزهور والاعشاب,شمال الشرقية,دماء والطائيين,1
craft,True,صنع المنتجات الحرفية بتقطير الزهور والاعشاب,شمال الشرقية,سناو,1
craft,True,صنع المنتجات الحرفية بتقطير الزهور والاعشاب,ظفار,المزيونة,1
craft,True,صنع المنتجات الحرفية بتقطير الزهور والاعشاب,ظفار,ثمريت,1
craft,True,صنع المنتجات الحرفية بتقطير الزهور والاعشاب,ظفار,شليم وجزر الحلانيات,3
craft,True,صنع المنتجات الحرفية بتقطير الزهور والاعشاب,ظفار,صلالة,11
craft,True,صنع المنتجات الحرفية بتقطير الزهور والاعشاب,ظفار,طاقة,1
craft,True,صنع المنتجات الحرفية بتقطير الزهور والاعشاب,مسقط,السيب,11
craft,True,صنع المنتجات الحرفية بتقطير الزهور والاعشاب,مسقط,العامرات,4
craft,True,صنع المنتجات الحرفية بتقطير الزهور والاعشاب,مسقط,بوشر,2
craft,True,صنع المنتجات الحرفية بتقطير الزهور والاعشاب,مسقط,قريات,1
craft,True,صنع المنتجات الحرفية بتقطير الزهور والاعشاب,مسقط,مسقط,2
craft,True,صنع المنتجات الحرفية بتقطير الزهور والاعشاب,مسقط,مطرح,1
craft,True,صنع المنتجات الحرفية لإنتاج ماء وزيت اللبان,البريمي,البريمي,1
craft,True,صنع المنتجات الحرفية لإنتاج ماء وزيت اللبان,الداخلية,نزوى,2
craft,True,صنع المنتجات الحرفية لإنتاج ماء وزيت اللبان,الظاهرة,ينقل,1
craft,True,صنع المنتجات الحرفية لإنتاج ماء وزيت اللبان,الوسطى,الجازر,1
craft,True,صنع المنتجات الحرفية لإنتاج ماء وزيت اللبان,جنوب الباطنة,بركاء,1
craft,True,صنع المنتجات الحرفية لإنتاج ماء وزيت اللبان,جنوب الباطنة,نخل,1
craft,True,صنع المنتجات الحرفية لإنتاج ماء وزيت اللبان,شمال الباطنة,السويق,1
craft,True,صنع المنتجات الحرفية لإنتاج ماء وزيت اللبان,شمال الباطنة,صحار,1
craft,True,صنع المنتجات الحرفية لإنتاج ماء وزيت اللبان,شمال الباطنة,لوى,1
craft,True,صنع المنتجات الحرفية لإنتاج ماء وزيت اللبان,شمال الشرقية,ابراء,1
craft,True,صنع المنتجات الحرفية لإنتاج ماء وزيت اللبان,شمال الشرقية,المضيبي,1
craft,True,صنع المنتجات الحرفية لإنتاج ماء وزيت اللبان,شمال الشرقية,وادى بنى خالد,1
craft,True,صنع المنتجات الحرفية لإنتاج ماء وزيت اللبان,ظفار,سدح,7
craft,True,صنع المنتجات الحرفية لإنتاج ماء وزيت اللبان,ظفار,شليم وجزر الحلانيات,3
craft,True,صنع المنتجات الحرفية لإنتاج ماء وزيت اللبان,ظفار,صلالة,26
craft,True,صنع المنتجات الحرفية لإنتاج ماء وزيت اللبان,ظفار,طاقة,2
craft,True,صنع المنتجات الحرفية لإنتاج ماء وزيت اللبان,ظفار,مرباط,1
craft,True,صنع المنتجات الحرفية لإنتاج ماء وزيت اللبان,مسقط,السيب,5
craft,True,صنع المنتجات الحرفية لإنتاج ماء وزيت اللبان,مسقط,بوشر,1
craft,True,صنع المنتجات الحرفية لإنتاج ماء وزيت اللبان,مسقط,مسقط,1
craft,True,صنع المنتجات الحرفية لإنتاج ماء وزيت اللبان,مسقط,مطرح,1
craft,True,صنع المنتجات الحرفية لإنتاج ماء وزيت اللبان,مسندم,دبا البيعة,1
craft,True,صنع المنتجات الحرفية لادوات الصيد التقليدية,الوسطى,الجازر,1
craft,True,صنع المنتجات الحرفية لادوات الصيد التقليدية,الوسطى,محوت,1
craft,True,صنع المنتجات الحرفية لادوات الصيد التقليدية,جنوب الشرقية,مصيرة,4
craft,True,صنع المنتجات الحرفية لادوات الصيد التقليدية,ظفار,شليم وجزر الحلانيات,2
craft,True,صنع المنتجات الحرفية لادوات الصيد التقليدية,ظفار,صلالة,1
craft,True,صنع المنتجات الحرفية لمستحضرات التجميل والعطور,البريمي,البريمي,11
craft,True,صنع المنتجات الحرفية لمستحضرات التجميل والعطور,البريمي,محضة,1
craft,True,صنع المنتجات الحرفية لمستحضرات التجميل والعطور,الداخلية,أدم,3
craft,True,صنع المنتجات الحرفية لمستحضرات التجميل والعطور,الداخلية,إزكي,3
craft,True,صنع المنتجات الحرفية لمستحضرات التجميل والعطور,الداخلية,الجبل الأخضر,2
craft,True,صنع المنتجات الحرفية لمستحضرات التجميل والعطور,الداخلية,الحمراء,1
craft,True,صنع المنتجات الحرفية لمستحضرات التجميل والعطور,الداخلية,بدبد,2
craft,True,صنع المنتجات الحرفية لمستحضرات التجميل والعطور,الداخلية,بهلاء,1
craft,True,صنع المنتجات الحرفية لمستحضرات التجميل والعطور,الداخلية,سمائل,5
craft,True,صنع المنتجات الحرفية لمستحضرات التجميل والعطور,الداخلية,منح,3
craft,True,صنع المنتجات الحرفية لمستحضرات التجميل والعطور,الداخلية,نزوى,12
craft,True,صنع المنتجات الحرفية لمستحضرات التجميل والعطور,الظاهرة,ضنك,1
craft,True,صنع المنتجات الحرفية لمستحضرات التجميل والعطور,الظاهرة,عبري,7
craft,True,صنع المنتجات الحرفية لمستحضرات التجميل والعطور,الظاهرة,ينقل,1
craft,True,صنع المنتجات الحرفية لمستحضرات التجميل والعطور,الوسطى,الجازر,4
craft,True,صنع المنتجات الحرفية لمستحضرات التجميل والعطور,الوسطى,الدقم,5
craft,True,صنع المنتجات الحرفية لمستحضرات التجميل والعطور,الوسطى,محوت,1
craft,True,صنع المنتجات الحرفية لمستحضرات التجميل والعطور,الوسطى,هيماء,4
craft,True,صنع المنتجات الحرفية لمستحضرات التجميل والعطور,جنوب الباطنة,الرستاق,12
craft,True,صنع المنتجات الحرفية لمستحضرات التجميل والعطور,جنوب الباطنة,العوابي,3
craft,True,صنع المنتجات الحرفية لمستحضرات التجميل والعطور,جنوب الباطنة,المصنعة,9
craft,True,صنع المنتجات الحرفية لمستحضرات التجميل والعطور,جنوب الباطنة,بركاء,20
craft,True,صنع المنتجات الحرفية لمستحضرات التجميل والعطور,جنوب الباطنة,نخل,3
craft,True,صنع المنتجات الحرفية لمستحضرات التجميل والعطور,جنوب الباطنة,وادي المعاول,3
craft,True,صنع المنتجات الحرفية لمستحضرات التجميل والعطور,جنوب الشرقية,الكامل والوافي,5
craft,True,صنع المنتجات الحرفية لمستحضرات التجميل والعطور,جنوب الشرقية,جعلان بنى بوحسن,5
craft,True,صنع المنتجات الحرفية لمستحضرات التجميل والعطور,جنوب الشرقية,جعلان بنى بوعلى,17
craft,True,صنع المنتجات الحرفية لمستحضرات التجميل والعطور,جنوب الشرقية,صور,30
craft,True,صنع المنتجات الحرفية لمستحضرات التجميل والعطور,جنوب الشرقية,مصيرة,1
craft,True,صنع المنتجات الحرفية لمستحضرات التجميل والعطور,شمال الباطنة,الخابورة,3
craft,True,صنع المنتجات الحرفية لمستحضرات التجميل والعطور,شمال الباطنة,السويق,11
craft,True,صنع المنتجات الحرفية لمستحضرات التجميل والعطور,شمال الباطنة,شناص,10
craft,True,صنع المنتجات الحرفية لمستحضرات التجميل والعطور,شمال الباطنة,صحار,31
craft,True,صنع المنتجات الحرفية لمستحضرات التجميل والعطور,شمال الباطنة,صحم,16
craft,True,صنع المنتجات الحرفية لمستحضرات التجميل والعطور,شمال الباطنة,لوى,12
craft,True,صنع المنتجات الحرفية لمستحضرات التجميل والعطور,شمال الشرقية,ابراء,10
craft,True,صنع المنتجات الحرفية لمستحضرات التجميل والعطور,شمال الشرقية,القابل,2
craft,True,صنع المنتجات الحرفية لمستحضرات التجميل والعطور,شمال الشرقية,المضيبي,7
craft,True,صنع المنتجات الحرفية لمستحضرات التجميل والعطور,شمال الشرقية,بدية,4
craft,True,صنع المنتجات الحرفية لمستحضرات التجميل والعطور,شمال الشرقية,دماء والطائيين,1
craft,True,صنع المنتجات الحرفية لمستحضرات التجميل والعطور,شمال الشرقية,سناو,4
craft,True,صنع المنتجات الحرفية لمستحضرات التجميل والعطور,ظفار,المزيونة,2
craft,True,صنع المنتجات الحرفية لمستحضرات التجميل والعطور,ظفار,ثمريت,14
craft,True,صنع المنتجات الحرفية لمستحضرات التجميل والعطور,ظفار,رخيوت,11
craft,True,صنع المنتجات الحرفية لمستحضرات التجميل والعطور,ظفار,سدح,4
craft,True,صنع المنتجات الحرفية لمستحضرات التجميل والعطور,ظفار,شليم وجزر الحلانيات,5
craft,True,صنع المنتجات الحرفية لمستحضرات التجميل والعطور,ظفار,صلالة,98
craft,True,صنع المنتجات الحرفية لمستحضرات التجميل والعطور,ظفار,ضلكوت,3
craft,True,صنع المنتجات الحرفية لمستحضرات التجميل والعطور,ظفار,طاقة,14
craft,True,صنع المنتجات الحرفية لمستحضرات التجميل والعطور,ظفار,مرباط,8
craft,True,صنع المنتجات الحرفية لمستحضرات التجميل والعطور,ظفار,مقشن,2
craft,True,صنع المنتجات الحرفية لمستحضرات التجميل والعطور,مسقط,السيب,94
craft,True,صنع المنتجات الحرفية لمستحضرات التجميل والعطور,مسقط,العامرات,16
craft,True,صنع المنتجات الحرفية لمستحضرات التجميل والعطور,مسقط,بوشر,28
craft,True,صنع المنتجات الحرفية لمستحضرات التجميل والعطور,مسقط,قريات,3
craft,True,صنع المنتجات الحرفية لمستحضرات التجميل والعطور,مسقط,مسقط,4
craft,True,صنع المنتجات الحرفية لمستحضرات التجميل والعطور,مسقط,مطرح,5
craft,True,صنع المنتجات الحرفية لمستحضرات التجميل والعطور,مسندم,خصب,2
craft,True,صنع المنتجات الحرفية لمستحضرات التجميل والعطور,مسندم,دبا البيعة,1
craft,True,صنع المنتجات الحرفية من الألمنيوم,البريمي,البريمي,1
craft,True,صنع المنتجات الحرفية من الألمنيوم,الوسطى,الدقم,1
craft,True,صنع المنتجات الحرفية من الألمنيوم,مسقط,بوشر,1
craft,True,صنع المنتجات الحرفية من الجلد,الداخلية,أدم,1
craft,True,صنع المنتجات الحرفية من الجلد,الظاهرة,عبري,2
craft,True,صنع المنتجات الحرفية من الجلد,الوسطى,الجازر,2
craft,True,صنع المنتجات الحرفية من الجلد,الوسطى,الدقم,1
craft,True,صنع المنتجات الحرفية من الجلد,الوسطى,هيماء,1
craft,True,صنع المنتجات الحرفية من الجلد,شمال الشرقية,ابراء,1
craft,True,صنع المنتجات الحرفية من الجلد,ظفار,المزيونة,12
craft,True,صنع المنتجات الحرفية من الجلد,ظفار,ثمريت,16
craft,True,صنع المنتجات الحرفية من الجلد,ظفار,رخيوت,16
craft,True,صنع المنتجات الحرفية من الجلد,ظفار,سدح,19
craft,True,صنع المنتجات الحرفية من الجلد,ظفار,شليم وجزر الحلانيات,10
craft,True,صنع المنتجات الحرفية من الجلد,ظفار,صلالة,2
craft,True,صنع المنتجات الحرفية من الجلد,ظفار,طاقة,6
craft,True,صنع المنتجات الحرفية من الجلد,ظفار,مرباط,15
craft,True,صنع المنتجات الحرفية من الحجر والجبس,البريمي,البريمي,1
craft,True,صنع المنتجات الحرفية من الحجر والجبس,الداخلية,بهلاء,1
craft,True,صنع المنتجات الحرفية من الحجر والجبس,الظاهرة,عبري,3
craft,True,صنع المنتجات الحرفية من الحجر والجبس,الوسطى,هيماء,3
craft,True,صنع المنتجات الحرفية من الحجر والجبس,جنوب الباطنة,بركاء,3
craft,True,صنع المنتجات الحرفية من الحجر والجبس,جنوب الشرقية,جعلان بنى بوحسن,1
craft,True,صنع المنتجات الحرفية من الحجر والجبس,جنوب الشرقية,مصيرة,1
craft,True,صنع المنتجات الحرفية من الحجر والجبس,شمال الباطنة,صحار,1
craft,True,صنع المنتجات الحرفية من الحجر والجبس,شمال الباطنة,صحم,1
craft,True,صنع المنتجات الحرفية من الحجر والجبس,شمال الشرقية,المضيبي,1
craft,True,صنع المنتجات الحرفية من الحجر والجبس,شمال الشرقية,بدية,1
craft,True,صنع المنتجات الحرفية من الحجر والجبس,ظفار,صلالة,2
craft,True,صنع المنتجات الحرفية من الحجر والجبس,مسقط,السيب,2
craft,True,صنع المنتجات الحرفية من الحجر والجبس,مسقط,العامرات,1
craft,True,صنع المنتجات الحرفية من الحجر والجبس,مسقط,بوشر,3
craft,True,صنع المنتجات الحرفية من الحجر والجبس,مسقط,مسقط,2
craft,True,صنع المنتجات الحرفية من الحجر والجبس,مسقط,مطرح,1
craft,True,صنع المنتجات الحرفية من الخشب,الداخلية,بهلاء,1
craft,True,صنع المنتجات الحرفية من الخشب,الداخلية,سمائل,1
craft,True,صنع المنتجات الحرفية من الخشب,الظاهرة,ضنك,3
craft,True,صنع المنتجات الحرفية من الخشب,الظاهرة,عبري,1
craft,True,صنع المنتجات الحرفية من الخشب,جنوب الباطنة,الرستاق,11
craft,True,صنع المنتجات الحرفية من الخشب,جنوب الشرقية,صور,1
craft,True,صنع المنتجات الحرفية من الخشب,شمال الباطنة,الخابورة,1
craft,True,صنع المنتجات الحرفية من الخشب,شمال الباطنة,صحم,1
craft,True,صنع المنتجات الحرفية من الخشب,شمال الشرقية,القابل,1
craft,True,صنع المنتجات الحرفية من الخشب,شمال الشرقية,بدية,1
craft,True,صنع المنتجات الحرفية من الخشب,ظفار,رخيوت,3
craft,True,صنع المنتجات الحرفية من الخشب,ظفار,صلالة,1
craft,True,صنع المنتجات الحرفية من الخشب,ظفار,ضلكوت,7
craft,True,صنع المنتجات الحرفية من الخشب,مسقط,السيب,3
craft,True,صنع المنتجات الحرفية من الخشب,مسقط,العامرات,3
craft,True,صنع المنتجات الحرفية من الخشب,مسقط,بوشر,4
craft,True,صنع المنتجات الحرفية من الخشب,مسندم,خصب,1
craft,True,صنع المنتجات الحرفية من السعف,البريمي,البريمي,2
craft,True,صنع المنتجات الحرفية من السعف,البريمي,محضة,1
craft,True,صنع المنتجات الحرفية من السعف,الداخلية,بدبد,1
craft,True,صنع المنتجات الحرفية من السعف,الداخلية,بهلاء,3
craft,True,صنع المنتجات الحرفية من السعف,الداخلية,سمائل,1
craft,True,صنع المنتجات الحرفية من السعف,الداخلية,نزوى,5
craft,True,صنع المنتجات الحرفية من السعف,الظاهرة,ضنك,35
craft,True,صنع المنتجات الحرفية من السعف,الظاهرة,عبري,1
craft,True,صنع المنتجات الحرفية من السعف,الظاهرة,ينقل,1
craft,True,صنع المنتجات الحرفية من السعف,الوسطى,الجازر,37
craft,True,صنع المنتجات الحرفية من السعف,الوسطى,الدقم,28
craft,True,صنع المنتجات الحرفية من السعف,الوسطى,محوت,4
craft,True,صنع المنتجات الحرفية من السعف,الوسطى,هيماء,4
craft,True,صنع المنتجات الحرفية من السعف,جنوب الباطنة,الرستاق,28
craft,True,صنع المنتجات الحرفية من السعف,جنوب الباطنة,العوابي,6
craft,True,صنع المنتجات الحرفية من السعف,جنوب الباطنة,نخل,3
craft,True,صنع المنتجات الحرفية من السعف,جنوب الباطنة,وادي المعاول,4
craft,True,صنع المنتجات الحرفية من السعف,جنوب الشرقية,جعلان بنى بوحسن,2
craft,True,صنع المنتجات الحرفية من السعف,شمال الباطنة,شناص,1
craft,True,صنع المنتجات الحرفية من السعف,شمال الباطنة,صحار,3
craft,True,صنع المنتجات الحرفية من السعف,شمال الباطنة,لوى,2
craft,True,صنع المنتجات الحرفية من السعف,شمال الشرقية,المضيبي,1
craft,True,صنع المنتجات الحرفية من السعف,شمال الشرقية,دماء والطائيين,1
craft,True,صنع المنتجات الحرفية من السعف,شمال الشرقية,وادى بنى خالد,7
craft,True,صنع المنتجات الحرفية من السعف,ظفار,المزيونة,5
craft,True,صنع المنتجات الحرفية من السعف,ظفار,ثمريت,5
craft,True,صنع المنتجات الحرفية من السعف,ظفار,رخيوت,4
craft,True,صنع المنتجات الحرفية من السعف,ظفار,سدح,77
craft,True,صنع المنتجات الحرفية من السعف,ظفار,شليم وجزر الحلانيات,77
craft,True,صنع المنتجات الحرفية من السعف,ظفار,صلالة,23
craft,True,صنع المنتجات الحرفية من السعف,ظفار,ضلكوت,2
craft,True,صنع المنتجات الحرفية من السعف,ظفار,طاقة,12
craft,True,صنع المنتجات الحرفية من السعف,ظفار,مرباط,6
craft,True,صنع المنتجات الحرفية من السعف,مسقط,السيب,3
craft,True,صنع المنتجات الحرفية من السعف,مسقط,العامرات,3
craft,True,صنع المنتجات الحرفية من السعف,مسقط,بوشر,1
craft,True,صنع المنتجات الحرفية من السعف,مسقط,قريات,3
craft,True,صنع المنتجات الحرفية من السعف,مسندم,بخا,2
craft,True,صنع المنتجات الحرفية من السعف,مسندم,خصب,38
craft,True,صنع المنتجات الحرفية من السعف,مسندم,دبا البيعة,7
craft,True,صنع المنتجات الحرفية من الفخار والخزف,البريمي,البريمي,4
craft,True,صنع المنتجات الحرفية من الفخار والخزف,الداخلية,أدم,1
craft,True,صنع المنتجات الحرفية من الفخار والخزف,الداخلية,الحمراء,1
craft,True,صنع المنتجات الحرفية من الفخار والخزف,الداخلية,بهلاء,8
craft,True,صنع المنتجات الحرفية من الفخار والخزف,الداخلية,منح,1
craft,True,صنع المنتجات الحرفية من الفخار والخزف,الظاهرة,ينقل,4
craft,True,صنع المنتجات الحرفية من الفخار والخزف,جنوب الباطنة,بركاء,1
craft,True,صنع المنتجات الحرفية من الفخار والخزف,جنوب الشرقية,جعلان بنى بوحسن,1
craft,True,صنع المنتجات الحرفية من الفخار والخزف,شمال الباطنة,الخابورة,2
craft,True,صنع المنتجات الحرفية من الفخار والخزف,شمال الباطنة,شناص,1
craft,True,صنع المنتجات الحرفية من الفخار والخزف,شمال الباطنة,صحم,1
craft,True,صنع المنتجات الحرفية من الفخار والخزف,شمال الشرقية,ابراء,1
craft,True,صنع المنتجات الحرفية من الفخار والخزف,شمال الشرقية,المضيبي,2
craft,True,صنع المنتجات الحرفية من الفخار والخزف,شمال الشرقية,بدية,1
craft,True,صنع المنتجات الحرفية من الفخار والخزف,شمال الشرقية,دماء والطائيين,1
craft,True,صنع المنتجات الحرفية من الفخار والخزف,ظفار,ثمريت,1
craft,True,صنع المنتجات الحرفية من الفخار والخزف,ظفار,رخيوت,1
craft,True,صنع المنتجات الحرفية من الفخار والخزف,ظفار,سدح,18
craft,True,صنع المنتجات الحرفية من الفخار والخزف,ظفار,صلالة,71
craft,True,صنع المنتجات الحرفية من الفخار والخزف,ظفار,ضلكوت,3
craft,True,صنع المنتجات الحرفية من الفخار والخزف,ظفار,طاقة,52
craft,True,صنع المنتجات الحرفية من الفخار والخزف,ظفار,مرباط,136
craft,True,صنع المنتجات الحرفية من الفخار والخزف,مسقط,السيب,12
craft,True,صنع المنتجات الحرفية من الفخار والخزف,مسقط,العامرات,2
craft,True,صنع المنتجات الحرفية من الفخار والخزف,مسقط,بوشر,4
craft,True,صنع المنتجات الحرفية من الفخار والخزف,مسندم,خصب,5
craft,True,صنع المنتجات الحرفية من الفضة,البريمي,البريمي,1
craft,True,صنع المنتجات الحرفية من الفضة,الداخلية,سمائل,1
craft,True,صنع المنتجات الحرفية من الفضة,جنوب الباطنة,الرستاق,1
craft,True,صنع المنتجات الحرفية من الفضة,جنوب الباطنة,العوابي,1
craft,True,صنع المنتجات الحرفية من الفضة,جنوب الباطنة,نخل,2
craft,True,صنع المنتجات الحرفية من الفضة,جنوب الباطنة,وادي المعاول,1
craft,True,صنع المنتجات الحرفية من الفضة,جنوب الشرقية,جعلان بنى بوعلى,1
craft,True,صنع المنتجات الحرفية من الفضة,جنوب الشرقية,صور,1
craft,True,صنع المنتجات الحرفية من الفضة,جنوب الشرقية,مصيرة,1
craft,True,صنع المنتجات الحرفية من الفضة,شمال الباطنة,صحم,1
craft,True,صنع المنتجات الحرفية من الفضة,شمال الشرقية,ابراء,1
craft,True,صنع المنتجات الحرفية من الفضة,ظفار,صلالة,3
craft,True,صنع المنتجات الحرفية من الفضة,مسقط,السيب,13
craft,True,صنع المنتجات الحرفية من الفضة,مسقط,بوشر,4
craft,True,صنع المنتجات الحرفية من الفضة,مسقط,مطرح,1
craft,True,صنع المنتجات الحرفية من النحاس والمعادن,البريمي,البريمي,1
craft,True,صنع المنتجات الحرفية من النحاس والمعادن,الداخلية,إزكي,3
craft,True,صنع المنتجات الحرفية من النحاس والمعادن,الداخلية,بدبد,2
craft,True,صنع المنتجات الحرفية من النحاس والمعادن,الداخلية,بهلاء,1
craft,True,صنع المنتجات الحرفية من النحاس والمعادن,الداخلية,منح,1
craft,True,صنع المنتجات الحرفية من النحاس والمعادن,جنوب الشرقية,صور,1
craft,True,صنع المنتجات الحرفية من النحاس والمعادن,مسقط,السيب,3
craft,True,صنع المنتجات الحرفية من النحاس والمعادن,مسقط,مطرح,1
craft,True,صنع المنتجات الحرفية من النحاس والمعادن,مسندم,خصب,3
craft,True,صنع المنتجات الحرفية من النسيج القطني أو الصوف,البريمي,البريمي,3
craft,True,صنع المنتجات الحرفية من النسيج القطني أو الصوف,الداخلية,أدم,11
craft,True,صنع المنتجات الحرفية من النسيج القطني أو الصوف,الداخلية,إزكي,1
craft,True,صنع المنتجات الحرفية من النسيج القطني أو الصوف,الداخلية,الجبل الأخضر,1
craft,True,صنع المنتجات الحرفية من النسيج القطني أو الصوف,الداخلية,الحمراء,7
craft,True,صنع المنتجات الحرفية من النسيج القطني أو الصوف,الداخلية,بدبد,1
craft,True,صنع المنتجات الحرفية من النسيج القطني أو الصوف,الداخلية,بهلاء,27
craft,True,صنع المنتجات الحرفية من النسيج القطني أو الصوف,الداخلية,سمائل,9
craft,True,صنع المنتجات الحرفية من النسيج القطني أو الصوف,الداخلية,نزوى,5
craft,True,صنع المنتجات الحرفية من النسيج القطني أو الصوف,الظاهرة,ضنك,16
craft,True,صنع المنتجات الحرفية من النسيج القطني أو الصوف,الظاهرة,عبري,12
craft,True,صنع المنتجات الحرفية من النسيج القطني أو الصوف,الوسطى,الجازر,30
craft,True,صنع المنتجات الحرفية من النسيج القطني أو الصوف,الوسطى,الدقم,23
craft,True,صنع المنتجات الحرفية من النسيج القطني أو الصوف,الوسطى,محوت,410
craft,True,صنع المنتجات الحرفية من النسيج القطني أو الصوف,الوسطى,هيماء,167
craft,True,صنع المنتجات الحرفية من النسيج القطني أو الصوف,جنوب الباطنة,الرستاق,4
craft,True,صنع المنتجات الحرفية من النسيج القطني أو الصوف,جنوب الباطنة,العوابي,1
craft,True,صنع المنتجات الحرفية من النسيج القطني أو الصوف,جنوب الباطنة,المصنعة,5
craft,True,صنع المنتجات الحرفية من النسيج القطني أو الصوف,جنوب الباطنة,بركاء,1
craft,True,صنع المنتجات الحرفية من النسيج القطني أو الصوف,جنوب الشرقية,الكامل والوافي,6
craft,True,صنع المنتجات الحرفية من النسيج القطني أو الصوف,جنوب الشرقية,جعلان بنى بوحسن,5
craft,True,صنع المنتجات الحرفية من النسيج القطني أو الصوف,جنوب الشرقية,جعلان بنى بوعلى,2
craft,True,صنع المنتجات الحرفية من النسيج القطني أو الصوف,جنوب الشرقية,صور,4
craft,True,صنع المنتجات الحرفية من النسيج القطني أو الصوف,جنوب الشرقية,مصيرة,47
craft,True,صنع المنتجات الحرفية من النسيج القطني أو الصوف,شمال الباطنة,الخابورة,21
craft,True,صنع المنتجات الحرفية من النسيج القطني أو الصوف,شمال الباطنة,السويق,16
craft,True,صنع المنتجات الحرفية من النسيج القطني أو الصوف,شمال الباطنة,شناص,3
craft,True,صنع المنتجات الحرفية من النسيج القطني أو الصوف,شمال الباطنة,صحار,8
craft,True,صنع المنتجات الحرفية من النسيج القطني أو الصوف,شمال الباطنة,صحم,2
craft,True,صنع المنتجات الحرفية من النسيج القطني أو الصوف,شمال الشرقية,ابراء,129
craft,True,صنع المنتجات الحرفية من النسيج القطني أو الصوف,شمال الشرقية,القابل,270
craft,True,صنع المنتجات الحرفية من النسيج القطني أو الصوف,شمال الشرقية,المضيبي,187
craft,True,صنع المنتجات الحرفية من النسيج القطني أو الصوف,شمال الشرقية,بدية,272
craft,True,صنع المنتجات الحرفية من النسيج القطني أو الصوف,شمال الشرقية,دماء والطائيين,13
craft,True,صنع المنتجات الحرفية من النسيج القطني أو الصوف,شمال الشرقية,سناو,61
craft,True,صنع المنتجات الحرفية من النسيج القطني أو الصوف,شمال الشرقية,وادى بنى خالد,44
craft,True,صنع المنتجات الحرفية من النسيج القطني أو الصوف,ظفار,المزيونة,12
craft,True,صنع المنتجات الحرفية من النسيج القطني أو الصوف,ظفار,ثمريت,1
craft,True,صنع المنتجات الحرفية من النسيج القطني أو الصوف,ظفار,رخيوت,10
craft,True,صنع المنتجات الحرفية من النسيج القطني أو الصوف,ظفار,سدح,49
craft,True,صنع المنتجات الحرفية من النسيج القطني أو الصوف,ظفار,شليم وجزر الحلانيات,5
craft,True,صنع المنتجات الحرفية من النسيج القطني أو الصوف,ظفار,صلالة,31
craft,True,صنع المنتجات الحرفية من النسيج القطني أو الصوف,ظفار,ضلكوت,1
craft,True,صنع المنتجات الحرفية من النسيج القطني أو الصوف,ظفار,طاقة,27
craft,True,صنع المنتجات الحرفية من النسيج القطني أو الصوف,ظفار,مرباط,82
craft,True,صنع المنتجات الحرفية من النسيج القطني أو الصوف,ظفار,مقشن,1
craft,True,صنع المنتجات الحرفية من النسيج القطني أو الصوف,مسقط,السيب,8
craft,True,صنع المنتجات الحرفية من النسيج القطني أو الصوف,مسقط,العامرات,2
craft,True,صنع المنتجات الحرفية من النسيج القطني أو الصوف,مسقط,بوشر,7
craft,True,صنع المنتجات الحرفية من النسيج القطني أو الصوف,مسقط,قريات,2
craft,True,صنع المنتجات الحرفية من النسيج القطني أو الصوف,مسقط,مسقط,2
craft,True,صنع المنتجات الحرفية من النسيج القطني أو الصوف,مسقط,مطرح,2
craft,True,صنع المنتجات الحرفية من النسيج القطني أو الصوف,مسندم,بخا,1
craft,True,صنع المنتجات الحرفية من النسيج القطني أو الصوف,مسندم,خصب,6
craft,True,صنع وتجهيز البخور,البريمي,البريمي,177
craft,True,صنع وتجهيز البخور,البريمي,محضة,6
craft,True,صنع وتجهيز البخور,الداخلية,أدم,2
craft,True,صنع وتجهيز البخور,الداخلية,إزكي,6
craft,True,صنع وتجهيز البخور,الداخلية,الجبل الأخضر,1
craft,True,صنع وتجهيز البخور,الداخلية,بدبد,7
craft,True,صنع وتجهيز البخور,الداخلية,بهلاء,14
craft,True,صنع وتجهيز البخور,الداخلية,سمائل,8
craft,True,صنع وتجهيز البخور,الداخلية,منح,4
craft,True,صنع وتجهيز البخور,الداخلية,نزوى,18
craft,True,صنع وتجهيز البخور,الظاهرة,ضنك,5
craft,True,صنع وتجهيز البخور,الظاهرة,عبري,23
craft,True,صنع وتجهيز البخور,الظاهرة,ينقل,3
craft,True,صنع وتجهيز البخور,الوسطى,الجازر,10
craft,True,صنع وتجهيز البخور,الوسطى,الدقم,16
craft,True,صنع وتجهيز البخور,الوسطى,محوت,4
craft,True,صنع وتجهيز البخور,الوسطى,هيماء,5
craft,True,صنع وتجهيز البخور,جنوب الباطنة,الرستاق,88
craft,True,صنع وتجهيز البخور,جنوب الباطنة,العوابي,16
craft,True,صنع وتجهيز البخور,جنوب الباطنة,المصنعة,83
craft,True,صنع وتجهيز البخور,جنوب الباطنة,بركاء,98
craft,True,صنع وتجهيز البخور,جنوب الباطنة,نخل,8
craft,True,صنع وتجهيز البخور,جنوب الباطنة,وادي المعاول,12
craft,True,صنع وتجهيز البخور,جنوب الشرقية,الكامل والوافي,120
craft,True,صنع وتجهيز البخور,جنوب الشرقية,جعلان بنى بوحسن,85
craft,True,صنع وتجهيز البخور,جنوب الشرقية,جعلان بنى بوعلى,167
craft,True,صنع وتجهيز البخور,جنوب الشرقية,صور,149
craft,True,صنع وتجهيز البخور,جنوب الشرقية,مصيرة,9
craft,True,صنع وتجهيز البخور,شمال الباطنة,الخابورة,56
craft,True,صنع وتجهيز البخور,شمال الباطنة,السويق,71
craft,True,صنع وتجهيز البخور,شمال الباطنة,شناص,31
craft,True,صنع وتجهيز البخور,شمال الباطنة,صحار,141
craft,True,صنع وتجهيز البخور,شمال الباطنة,صحم,162
craft,True,صنع وتجهيز البخور,شمال الباطنة,لوى,26
craft,True,صنع وتجهيز البخور,شمال الشرقية,ابراء,17
craft,True,صنع وتجهيز البخور,شمال الشرقية,القابل,7
craft,True,صنع وتجهيز البخور,شمال الشرقية,المضيبي,10
craft,True,صنع وتجهيز البخور,شمال الشرقية,بدية,9
craft,True,صنع وتجهيز البخور,شمال الشرقية,دماء والطائيين,4
craft,True,صنع وتجهيز البخور,شمال الشرقية,سناو,6
craft,True,صنع وتجهيز البخور,شمال الشرقية,وادى بنى خالد,1
craft,True,صنع وتجهيز البخور,ظفار,المزيونة,16
craft,True,صنع وتجهيز البخور,ظفار,ثمريت,58
craft,True,صنع وتجهيز البخور,ظفار,رخيوت,20
craft,True,صنع وتجهيز البخور,ظفار,سدح,60
craft,True,صنع وتجهيز البخور,ظفار,شليم وجزر الحلانيات,3
craft,True,صنع وتجهيز البخور,ظفار,صلالة,870
craft,True,صنع وتجهيز البخور,ظفار,ضلكوت,11
craft,True,صنع وتجهيز البخور,ظفار,طاقة,110
craft,True,صنع وتجهيز البخور,ظفار,مرباط,97
craft,True,صنع وتجهيز البخور,مسقط,السيب,136
craft,True,صنع وتجهيز البخور,مسقط,العامرات,31
craft,True,صنع وتجهيز البخور,مسقط,بوشر,30
craft,True,صنع وتجهيز البخور,مسقط,قريات,6
craft,True,صنع وتجهيز البخور,مسقط,مسقط,7
craft,True,صنع وتجهيز البخور,مسقط,مطرح,7
craft,True,صنع وتجهيز البخور,مسندم,بخا,15
craft,True,صنع وتجهيز البخور,مسندم,خصب,342
craft,True,صنع وتجهيز البخور,مسندم,دبا البيعة,48
craft,True,صنع وتجهيز البخور,مسندم,مدحا,3
craft,True,صنع وتفصيل الكمة العمانية,البريمي,البريمي,1
craft,True,صنع وتفصيل الكمة العمانية,الداخلية,أدم,2
craft,True,صنع وتفصيل الكمة العمانية,الداخلية,بدبد,1
craft,True,صنع وتفصيل الكمة العمانية,الداخلية,بهلاء,1
craft,True,صنع وتفصيل الكمة العمانية,الداخلية,سمائل,1
craft,True,صنع وتفصيل الكمة العمانية,الظاهرة,عبري,3
craft,True,صنع وتفصيل الكمة العمانية,جنوب الباطنة,الرستاق,3
craft,True,صنع وتفصيل الكمة العمانية,جنوب الباطنة,المصنعة,4
craft,True,صنع وتفصيل الكمة العمانية,جنوب الشرقية,الكامل والوافي,1
craft,True,صنع وتفصيل الكمة العمانية,جنوب الشرقية,صور,5
craft,True,صنع وتفصيل الكمة العمانية,شمال الباطنة,الخابورة,1
craft,True,صنع وتفصيل الكمة العمانية,شمال الباطنة,السويق,5
craft,True,صنع وتفصيل الكمة العمانية,شمال الباطنة,شناص,1
craft,True,صنع وتفصيل الكمة العمانية,شمال الباطنة,صحار,5
craft,True,صنع وتفصيل الكمة العمانية,شمال الباطنة,صحم,1
craft,True,صنع وتفصيل الكمة العمانية,شمال الشرقية,ابراء,3
craft,True,صنع وتفصيل الكمة العمانية,شمال الشرقية,القابل,1
craft,True,صنع وتفصيل الكمة العمانية,شمال الشرقية,وادى بنى خالد,2
craft,True,صنع وتفصيل الكمة العمانية,ظفار,صلالة,4
craft,True,صنع وتفصيل الكمة العمانية,ظفار,ضلكوت,1
craft,True,صنع وتفصيل الكمة العمانية,ظفار,مرباط,1
craft,True,صنع وتفصيل الكمة العمانية,مسقط,السيب,6
craft,True,صنع وتفصيل الكمة العمانية,مسقط,بوشر,2
craft,True,صنع وتفصيل الكمة العمانية,مسقط,مسقط,2
craft,True,صنع وتفصيل الكمة العمانية,مسقط,مطرح,4
home_based,False,صنع الخناجر العمانية,الوسطى,هيماء,2
home_based,False,صنع الخناجر العمانية,جنوب الشرقية,الكامل والوافي,1
home_based,False,صنع الخناجر العمانية,شمال الباطنة,السويق,1
home_based,False,صنع الخناجر العمانية,شمال الشرقية,المضيبي,1
home_based,False,صنع المنتجات الحرفية المشتقة من العظام,شمال الشرقية,بدية,3
home_based,False,صنع المنتجات الحرفية المشتقة من العظام,ظفار,ثمريت,8
home_based,False,صنع المنتجات الحرفية المشتقة من العظام,ظفار,صلالة,1
home_based,False,صنع المنتجات الحرفية المشتقة من العظام,ظفار,طاقة,1
home_based,False,صنع المنتجات الحرفية المشتقة من العظام,مسندم,خصب,1
home_based,False,صنع المنتجات الحرفية بتقطير الزهور والاعشاب,البريمي,البريمي,2
home_based,False,صنع المنتجات الحرفية بتقطير الزهور والاعشاب,الداخلية,إزكي,1
home_based,False,صنع المنتجات الحرفية بتقطير الزهور والاعشاب,الداخلية,الجبل الأخضر,3
home_based,False,صنع المنتجات الحرفية بتقطير الزهور والاعشاب,الداخلية,بهلاء,1
home_based,False,صنع المنتجات الحرفية بتقطير الزهور والاعشاب,الداخلية,نزوى,1
home_based,False,صنع المنتجات الحرفية بتقطير الزهور والاعشاب,الظاهرة,ضنك,2
home_based,False,صنع المنتجات الحرفية بتقطير الزهور والاعشاب,الظاهرة,عبري,5
home_based,False,صنع المنتجات الحرفية بتقطير الزهور والاعشاب,الظاهرة,ينقل,1
home_based,False,صنع المنتجات الحرفية بتقطير الزهور والاعشاب,الوسطى,الدقم,1
home_based,False,صنع المنتجات الحرفية بتقطير الزهور والاعشاب,جنوب الباطنة,الرستاق,1
home_based,False,صنع المنتجات الحرفية بتقطير الزهور والاعشاب,جنوب الباطنة,بركاء,1
home_based,False,صنع المنتجات الحرفية بتقطير الزهور والاعشاب,جنوب الباطنة,نخل,2
home_based,False,صنع المنتجات الحرفية بتقطير الزهور والاعشاب,جنوب الباطنة,وادي المعاول,2
home_based,False,صنع المنتجات الحرفية بتقطير الزهور والاعشاب,جنوب الشرقية,الكامل والوافي,1
home_based,False,صنع المنتجات الحرفية بتقطير الزهور والاعشاب,جنوب الشرقية,جعلان بنى بوحسن,1
home_based,False,صنع المنتجات الحرفية بتقطير الزهور والاعشاب,شمال الباطنة,الخابورة,1
home_based,False,صنع المنتجات الحرفية بتقطير الزهور والاعشاب,شمال الباطنة,شناص,2
home_based,False,صنع المنتجات الحرفية بتقطير الزهور والاعشاب,شمال الباطنة,صحار,1
home_based,False,صنع المنتجات الحرفية بتقطير الزهور والاعشاب,شمال الباطنة,لوى,1
home_based,False,صنع المنتجات الحرفية بتقطير الزهور والاعشاب,شمال الشرقية,ابراء,1
home_based,False,صنع المنتجات الحرفية بتقطير الزهور والاعشاب,شمال الشرقية,القابل,2
home_based,False,صنع المنتجات الحرفية بتقطير الزهور والاعشاب,شمال الشرقية,دماء والطائيين,1
home_based,False,صنع المنتجات الحرفية بتقطير الزهور والاعشاب,شمال الشرقية,سناو,1
home_based,False,صنع المنتجات الحرفية بتقطير الزهور والاعشاب,ظفار,ثمريت,1
home_based,False,صنع المنتجات الحرفية بتقطير الزهور والاعشاب,ظفار,صلالة,1
home_based,False,صنع المنتجات الحرفية بتقطير الزهور والاعشاب,مسقط,السيب,3
home_based,False,صنع المنتجات الحرفية بتقطير الزهور والاعشاب,مسقط,العامرات,3
home_based,False,صنع المنتجات الحرفية بتقطير الزهور والاعشاب,مسقط,قريات,1
home_based,False,صنع المنتجات الحرفية بتقطير الزهور والاعشاب,مسقط,مسقط,2
home_based,False,صنع المنتجات الحرفية لإنتاج ماء وزيت اللبان,البريمي,البريمي,1
home_based,False,صنع المنتجات الحرفية لإنتاج ماء وزيت اللبان,الداخلية,نزوى,1
home_based,False,صنع المنتجات الحرفية لإنتاج ماء وزيت اللبان,الظاهرة,ينقل,1
home_based,False,صنع المنتجات الحرفية لإنتاج ماء وزيت اللبان,جنوب الباطنة,نخل,1
home_based,False,صنع المنتجات الحرفية لإنتاج ماء وزيت اللبان,جنوب الباطنة,وادي المعاول,1
home_based,False,صنع المنتجات الحرفية لإنتاج ماء وزيت اللبان,جنوب الشرقية,صور,1
home_based,False,صنع المنتجات الحرفية لإنتاج ماء وزيت اللبان,شمال الباطنة,صحار,2
home_based,False,صنع المنتجات الحرفية لإنتاج ماء وزيت اللبان,شمال الشرقية,ابراء,1
home_based,False,صنع المنتجات الحرفية لإنتاج ماء وزيت اللبان,شمال الشرقية,المضيبي,2
home_based,False,صنع المنتجات الحرفية لإنتاج ماء وزيت اللبان,شمال الشرقية,وادى بنى خالد,1
home_based,False,صنع المنتجات الحرفية لإنتاج ماء وزيت اللبان,ظفار,سدح,7
home_based,False,صنع المنتجات الحرفية لإنتاج ماء وزيت اللبان,ظفار,شليم وجزر الحلانيات,1
home_based,False,صنع المنتجات الحرفية لإنتاج ماء وزيت اللبان,ظفار,صلالة,8
home_based,False,صنع المنتجات الحرفية لإنتاج ماء وزيت اللبان,ظفار,طاقة,1
home_based,False,صنع المنتجات الحرفية لإنتاج ماء وزيت اللبان,ظفار,مرباط,2
home_based,False,صنع المنتجات الحرفية لإنتاج ماء وزيت اللبان,مسقط,السيب,4
home_based,False,صنع المنتجات الحرفية لإنتاج ماء وزيت اللبان,مسقط,بوشر,1
home_based,False,صنع المنتجات الحرفية لإنتاج ماء وزيت اللبان,مسقط,مطرح,1
home_based,False,صنع المنتجات الحرفية لإنتاج ماء وزيت اللبان,مسندم,دبا البيعة,1
home_based,False,صنع المنتجات الحرفية لادوات الصيد التقليدية,الوسطى,الجازر,2
home_based,False,صنع المنتجات الحرفية لادوات الصيد التقليدية,الوسطى,محوت,3
home_based,False,صنع المنتجات الحرفية لادوات الصيد التقليدية,جنوب الباطنة,المصنعة,1
home_based,False,صنع المنتجات الحرفية لادوات الصيد التقليدية,جنوب الشرقية,جعلان بنى بوعلى,1
home_based,False,صنع المنتجات الحرفية لادوات الصيد التقليدية,جنوب الشرقية,مصيرة,6
home_based,False,صنع المنتجات الحرفية لادوات الصيد التقليدية,ظفار,سدح,3
home_based,False,صنع المنتجات الحرفية لادوات الصيد التقليدية,ظفار,طاقة,2
home_based,False,صنع المنتجات الحرفية لمستحضرات التجميل والعطور,البريمي,البريمي,10
home_based,False,صنع المنتجات الحرفية لمستحضرات التجميل والعطور,البريمي,محضة,1
home_based,False,صنع المنتجات الحرفية لمستحضرات التجميل والعطور,الداخلية,أدم,1
home_based,False,صنع المنتجات الحرفية لمستحضرات التجميل والعطور,الداخلية,إزكي,4
home_based,False,صنع المنتجات الحرفية لمستحضرات التجميل والعطور,الداخلية,الجبل الأخضر,2
home_based,False,صنع المنتجات الحرفية لمستحضرات التجميل والعطور,الداخلية,الحمراء,1
home_based,False,صنع المنتجات الحرفية لمستحضرات التجميل والعطور,الداخلية,بدبد,1
home_based,False,صنع المنتجات الحرفية لمستحضرات التجميل والعطور,الداخلية,بهلاء,1
home_based,False,صنع المنتجات الحرفية لمستحضرات التجميل والعطور,الداخلية,سمائل,5
home_based,False,صنع المنتجات الحرفية لمستحضرات التجميل والعطور,الداخلية,منح,3
home_based,False,صنع المنتجات الحرفية لمستحضرات التجميل والعطور,الداخلية,نزوى,10
home_based,False,صنع المنتجات الحرفية لمستحضرات التجميل والعطور,الظاهرة,ضنك,1
home_based,False,صنع المنتجات الحرفية لمستحضرات التجميل والعطور,الظاهرة,عبري,5
home_based,False,صنع المنتجات الحرفية لمستحضرات التجميل والعطور,الوسطى,الجازر,3
home_based,False,صنع المنتجات الحرفية لمستحضرات التجميل والعطور,الوسطى,محوت,1
home_based,False,صنع المنتجات الحرفية لمستحضرات التجميل والعطور,الوسطى,هيماء,2
home_based,False,صنع المنتجات الحرفية لمستحضرات التجميل والعطور,جنوب الباطنة,الرستاق,12
home_based,False,صنع المنتجات الحرفية لمستحضرات التجميل والعطور,جنوب الباطنة,العوابي,3
home_based,False,صنع المنتجات الحرفية لمستحضرات التجميل والعطور,جنوب الباطنة,المصنعة,8
home_based,False,صنع المنتجات الحرفية لمستحضرات التجميل والعطور,جنوب الباطنة,بركاء,20
home_based,False,صنع المنتجات الحرفية لمستحضرات التجميل والعطور,جنوب الباطنة,نخل,5
home_based,False,صنع المنتجات الحرفية لمستحضرات التجميل والعطور,جنوب الباطنة,وادي المعاول,3
home_based,False,صنع المنتجات الحرفية لمستحضرات التجميل والعطور,جنوب الشرقية,الكامل والوافي,3
home_based,False,صنع المنتجات الحرفية لمستحضرات التجميل والعطور,جنوب الشرقية,جعلان بنى بوحسن,3
home_based,False,صنع المنتجات الحرفية لمستحضرات التجميل والعطور,جنوب الشرقية,جعلان بنى بوعلى,14
home_based,False,صنع المنتجات الحرفية لمستحضرات التجميل والعطور,جنوب الشرقية,صور,28
home_based,False,صنع المنتجات الحرفية لمستحضرات التجميل والعطور,جنوب الشرقية,مصيرة,1
home_based,False,صنع المنتجات الحرفية لمستحضرات التجميل والعطور,شمال الباطنة,الخابورة,4
home_based,False,صنع المنتجات الحرفية لمستحضرات التجميل والعطور,شمال الباطنة,السويق,13
home_based,False,صنع المنتجات الحرفية لمستحضرات التجميل والعطور,شمال الباطنة,شناص,15
home_based,False,صنع المنتجات الحرفية لمستحضرات التجميل والعطور,شمال الباطنة,صحار,25
home_based,False,صنع المنتجات الحرفية لمستحضرات التجميل والعطور,شمال الباطنة,صحم,15
home_based,False,صنع المنتجات الحرفية لمستحضرات التجميل والعطور,شمال الباطنة,لوى,12
home_based,False,صنع المنتجات الحرفية لمستحضرات التجميل والعطور,شمال الشرقية,ابراء,6
home_based,False,صنع المنتجات الحرفية لمستحضرات التجميل والعطور,شمال الشرقية,القابل,3
home_based,False,صنع المنتجات الحرفية لمستحضرات التجميل والعطور,شمال الشرقية,المضيبي,8
home_based,False,صنع المنتجات الحرفية لمستحضرات التجميل والعطور,شمال الشرقية,بدية,1
home_based,False,صنع المنتجات الحرفية لمستحضرات التجميل والعطور,شمال الشرقية,دماء والطائيين,1
home_based,False,صنع المنتجات الحرفية لمستحضرات التجميل والعطور,شمال الشرقية,سناو,4
home_based,False,صنع المنتجات الحرفية لمستحضرات التجميل والعطور,ظفار,المزيونة,2
home_based,False,صنع المنتجات الحرفية لمستحضرات التجميل والعطور,ظفار,ثمريت,14
home_based,False,صنع المنتجات الحرفية لمستحضرات التجميل والعطور,ظفار,رخيوت,12
home_based,False,صنع المنتجات الحرفية لمستحضرات التجميل والعطور,ظفار,سدح,4
home_based,False,صنع المنتجات الحرفية لمستحضرات التجميل والعطور,ظفار,شليم وجزر الحلانيات,1
home_based,False,صنع المنتجات الحرفية لمستحضرات التجميل والعطور,ظفار,صلالة,59
home_based,False,صنع المنتجات الحرفية لمستحضرات التجميل والعطور,ظفار,ضلكوت,3
home_based,False,صنع المنتجات الحرفية لمستحضرات التجميل والعطور,ظفار,طاقة,12
home_based,False,صنع المنتجات الحرفية لمستحضرات التجميل والعطور,ظفار,مرباط,7
home_based,False,صنع المنتجات الحرفية لمستحضرات التجميل والعطور,ظفار,مقشن,2
home_based,False,صنع المنتجات الحرفية لمستحضرات التجميل والعطور,مسقط,السيب,74
home_based,False,صنع المنتجات الحرفية لمستحضرات التجميل والعطور,مسقط,العامرات,15
home_based,False,صنع المنتجات الحرفية لمستحضرات التجميل والعطور,مسقط,بوشر,17
home_based,False,صنع المنتجات الحرفية لمستحضرات التجميل والعطور,مسقط,قريات,3
home_based,False,صنع المنتجات الحرفية لمستحضرات التجميل والعطور,مسقط,مسقط,2
home_based,False,صنع المنتجات الحرفية لمستحضرات التجميل والعطور,مسقط,مطرح,3
home_based,False,صنع المنتجات الحرفية لمستحضرات التجميل والعطور,مسندم,خصب,2
home_based,False,صنع المنتجات الحرفية لمستحضرات التجميل والعطور,مسندم,دبا البيعة,1
home_based,False,صنع المنتجات الحرفية من الجلد,الداخلية,أدم,1
home_based,False,صنع المنتجات الحرفية من الجلد,الظاهرة,عبري,1
home_based,False,صنع المنتجات الحرفية من الجلد,الوسطى,هيماء,1
home_based,False,صنع المنتجات الحرفية من الجلد,شمال الشرقية,ابراء,1
home_based,False,صنع المنتجات الحرفية من الجلد,ظفار,المزيونة,12
home_based,False,صنع المنتجات الحرفية من الجلد,ظفار,ثمريت,16
home_based,False,صنع المنتجات الحرفية من الجلد,ظفار,رخيوت,14
home_based,False,صنع المنتجات الحرفية من الجلد,ظفار,سدح,20
home_based,False,صنع المنتجات الحرفية من الجلد,ظفار,شليم وجزر الحلانيات,1
home_based,False,صنع المنتجات الحرفية من الجلد,ظفار,صلالة,1
home_based,False,صنع المنتجات الحرفية من الجلد,ظفار,طاقة,6
home_based,False,صنع المنتجات الحرفية من الجلد,ظفار,مرباط,15
home_based,False,صنع المنتجات الحرفية من الحجر والجبس,البريمي,البريمي,1
home_based,False,صنع المنتجات الحرفية من الحجر والجبس,الظاهرة,عبري,1
home_based,False,صنع المنتجات الحرفية من الحجر والجبس,الوسطى,هيماء,3
home_based,False,صنع المنتجات الحرفية من الحجر والجبس,جنوب الباطنة,بركاء,3
home_based,False,صنع المنتجات الحرفية من الحجر والجبس,جنوب الشرقية,جعلان بنى بوحسن,1
home_based,False,صنع المنتجات الحرفية من الحجر والجبس,جنوب الشرقية,مصيرة,1
home_based,False,صنع المنتجات الحرفية من الحجر والجبس,شمال الشرقية,المضيبي,1
home_based,False,صنع المنتجات الحرفية من الحجر والجبس,شمال الشرقية,بدية,1
home_based,False,صنع المنتجات الحرفية من الحجر والجبس,ظفار,صلالة,2
home_based,False,صنع المنتجات الحرفية من الحجر والجبس,ظفار,طاقة,1
home_based,False,صنع المنتجات الحرفية من الحجر والجبس,ظفار,مرباط,2
home_based,False,صنع المنتجات الحرفية من الحجر والجبس,مسقط,السيب,2
home_based,False,صنع المنتجات الحرفية من الحجر والجبس,مسقط,العامرات,2
home_based,False,صنع المنتجات الحرفية من الحجر والجبس,مسقط,بوشر,2
home_based,False,صنع المنتجات الحرفية من الحجر والجبس,مسقط,مسقط,1
home_based,False,صنع المنتجات الحرفية من الخشب,الداخلية,إزكي,1
home_based,False,صنع المنتجات الحرفية من الخشب,الداخلية,الجبل الأخضر,1
home_based,False,صنع المنتجات الحرفية من الخشب,الداخلية,بهلاء,3
home_based,False,صنع المنتجات الحرفية من الخشب,الداخلية,سمائل,3
home_based,False,صنع المنتجات الحرفية من الخشب,الداخلية,نزوى,3
home_based,False,صنع المنتجات الحرفية من الخشب,الظاهرة,ضنك,3
home_based,False,صنع المنتجات الحرفية من الخشب,الظاهرة,عبري,2
home_based,False,صنع المنتجات الحرفية من الخشب,الوسطى,الدقم,1
home_based,False,صنع المنتجات الحرفية من الخشب,جنوب الباطنة,الرستاق,11
home_based,False,صنع المنتجات الحرفية من الخشب,جنوب الباطنة,بركاء,4
home_based,False,صنع المنتجات الحرفية من الخشب,جنوب الباطنة,نخل,1
home_based,False,صنع المنتجات الحرفية من الخشب,جنوب الشرقية,صور,3
home_based,False,صنع المنتجات الحرفية من الخشب,شمال الباطنة,الخابورة,1
home_based,False,صنع المنتجات الحرفية من الخشب,شمال الباطنة,شناص,1
home_based,False,صنع المنتجات الحرفية من الخشب,شمال الباطنة,صحار,5
home_based,False,صنع المنتجات الحرفية من الخشب,شمال الباطنة,صحم,2
home_based,False,صنع المنتجات الحرفية من الخشب,شمال الشرقية,ابراء,1
home_based,False,صنع المنتجات الحرفية من الخشب,شمال الشرقية,القابل,1
home_based,False,صنع المنتجات الحرفية من الخشب,شمال الشرقية,المضيبي,2
home_based,False,صنع المنتجات الحرفية من الخشب,شمال الشرقية,بدية,4
home_based,False,صنع المنتجات الحرفية من الخشب,شمال الشرقية,سناو,1
home_based,False,صنع المنتجات الحرفية من الخشب,ظفار,رخيوت,3
home_based,False,صنع المنتجات الحرفية من الخشب,ظفار,صلالة,3
home_based,False,صنع المنتجات الحرفية من الخشب,ظفار,ضلكوت,7
home_based,False,صنع المنتجات الحرفية من الخشب,ظفار,مرباط,1
home_based,False,صنع المنتجات الحرفية من الخشب,مسقط,السيب,9
home_based,False,صنع المنتجات الحرفية من الخشب,مسقط,العامرات,5
home_based,False,صنع المنتجات الحرفية من الخشب,مسقط,بوشر,1
home_based,False,صنع المنتجات الحرفية من الخشب,مسندم,خصب,3
home_based,False,صنع المنتجات الحرفية من الخشب,مسندم,دبا البيعة,3
home_based,False,صنع المنتجات الحرفية من السعف,البريمي,البريمي,1
home_based,False,صنع المنتجات الحرفية من السعف,البريمي,محضة,2
home_based,False,صنع المنتجات الحرفية من السعف,الداخلية,بهلاء,4
home_based,False,صنع المنتجات الحرفية من السعف,الداخلية,سمائل,1
home_based,False,صنع المنتجات الحرفية من السعف,الداخلية,نزوى,4
home_based,False,صنع المنتجات الحرفية من السعف,الظاهرة,ضنك,38
home_based,False,صنع المنتجات الحرفية من السعف,الظاهرة,عبري,2
home_based,False,صنع المنتجات الحرفية من السعف,الظاهرة,ينقل,1
home_based,False,صنع المنتجات الحرفية من السعف,الوسطى,الجازر,23
home_based,False,صنع المنتجات الحرفية من السعف,الوسطى,الدقم,25
home_based,False,صنع المنتجات الحرفية من السعف,الوسطى,هيماء,2
home_based,False,صنع المنتجات الحرفية من السعف,جنوب الباطنة,الرستاق,30
home_based,False,صنع المنتجات الحرفية من السعف,جنوب الباطنة,العوابي,6
home_based,False,صنع المنتجات الحرفية من السعف,جنوب الباطنة,المصنعة,1
home_based,False,صنع المنتجات الحرفية من السعف,جنوب الباطنة,بركاء,2
home_based,False,صنع المنتجات الحرفية من السعف,جنوب الباطنة,نخل,3
home_based,False,صنع المنتجات الحرفية من السعف,جنوب الباطنة,وادي المعاول,5
home_based,False,صنع المنتجات الحرفية من السعف,جنوب الشرقية,جعلان بنى بوحسن,2
home_based,False,صنع المنتجات الحرفية من السعف,جنوب الشرقية,جعلان بنى بوعلى,1
home_based,False,صنع المنتجات الحرفية من السعف,جنوب الشرقية,صور,1
home_based,False,صنع المنتجات الحرفية من السعف,شمال الباطنة,الخابورة,1
home_based,False,صنع المنتجات الحرفية من السعف,شمال الباطنة,السويق,1
home_based,False,صنع المنتجات الحرفية من السعف,شمال الباطنة,شناص,2
home_based,False,صنع المنتجات الحرفية من السعف,شمال الباطنة,صحار,3
home_based,False,صنع المنتجات الحرفية من السعف,شمال الباطنة,صحم,1
home_based,False,صنع المنتجات الحرفية من السعف,شمال الباطنة,لوى,2
home_based,False,صنع المنتجات الحرفية من السعف,شمال الشرقية,القابل,3
home_based,False,صنع المنتجات الحرفية من السعف,شمال الشرقية,المضيبي,7
home_based,False,صنع المنتجات الحرفية من السعف,شمال الشرقية,بدية,2
home_based,False,صنع المنتجات الحرفية من السعف,شمال الشرقية,دماء والطائيين,1
home_based,False,صنع المنتجات الحرفية من السعف,شمال الشرقية,وادى بنى خالد,10
home_based,False,صنع المنتجات الحرفية من السعف,ظفار,المزيونة,5
home_based,False,صنع المنتجات الحرفية من السعف,ظفار,ثمريت,5
home_based,False,صنع المنتجات الحرفية من السعف,ظفار,رخيوت,4
home_based,False,صنع المنتجات الحرفية من السعف,ظفار,سدح,77
home_based,False,صنع المنتجات الحرفية من السعف,ظفار,شليم وجزر الحلانيات,9
home_based,False,صنع المنتجات الحرفية من السعف,ظفار,صلالة,6
home_based,False,صنع المنتجات الحرفية من السعف,ظفار,ضلكوت,2
home_based,False,صنع المنتجات الحرفية من السعف,ظفار,طاقة,12
home_based,False,صنع المنتجات الحرفية من السعف,ظفار,مرباط,6
home_based,False,صنع المنتجات الحرفية من السعف,مسقط,السيب,1
home_based,False,صنع المنتجات الحرفية من السعف,مسقط,العامرات,3
home_based,False,صنع المنتجات الحرفية من السعف,مسقط,بوشر,1
home_based,False,صنع المنتجات الحرفية من السعف,مسقط,قريات,5
home_based,False,صنع المنتجات الحرفية من السعف,مسقط,مطرح,1
home_based,False,صنع المنتجات الحرفية من السعف,مسندم,بخا,3
home_based,False,صنع المنتجات الحرفية من السعف,مسندم,خصب,43
home_based,False,صنع المنتجات الحرفية من السعف,مسندم,دبا البيعة,7
home_based,False,صنع المنتجات الحرفية من الفخار والخزف,البريمي,البريمي,4
home_based,False,صنع المنتجات الحرفية من الفخار والخزف,الداخلية,الحمراء,1
home_based,False,صنع المنتجات الحرفية من الفخار والخزف,الداخلية,بهلاء,12
home_based,False,صنع المنتجات الحرفية من الفخار والخزف,الداخلية,منح,1
home_based,False,صنع المنتجات الحرفية من الفخار والخزف,الظاهرة,عبري,1
home_based,False,صنع المنتجات الحرفية من الفخار والخزف,الظاهرة,ينقل,5
home_based,False,صنع المنتجات الحرفية من الفخار والخزف,الوسطى,الدقم,1
home_based,False,صنع المنتجات الحرفية من الفخار والخزف,جنوب الباطنة,وادي المعاول,2
home_based,False,صنع المنتجات الحرفية من الفخار والخزف,جنوب الشرقية,جعلان بنى بوحسن,2
home_based,False,صنع المنتجات الحرفية من الفخار والخزف,شمال الباطنة,الخابورة,1
home_based,False,صنع المنتجات الحرفية من الفخار والخزف,شمال الباطنة,شناص,1
home_based,False,صنع المنتجات الحرفية من الفخار والخزف,شمال الباطنة,صحار,1
home_based,False,صنع المنتجات الحرفية من الفخار والخزف,شمال الباطنة,صحم,1
home_based,False,صنع المنتجات الحرفية من الفخار والخزف,شمال الشرقية,ابراء,2
home_based,False,صنع المنتجات الحرفية من الفخار والخزف,شمال الشرقية,المضيبي,3
home_based,False,صنع المنتجات الحرفية من الفخار والخزف,شمال الشرقية,بدية,1
home_based,False,صنع المنتجات الحرفية من الفخار والخزف,شمال الشرقية,دماء والطائيين,1
home_based,False,صنع المنتجات الحرفية من الفخار والخزف,شمال الشرقية,سناو,1
home_based,False,صنع المنتجات الحرفية من الفخار والخزف,ظفار,رخيوت,1
home_based,False,صنع المنتجات الحرفية من الفخار والخزف,ظفار,سدح,20
home_based,False,صنع المنتجات الحرفية من الفخار والخزف,ظفار,صلالة,65
home_based,False,صنع المنتجات الحرفية من الفخار والخزف,ظفار,ضلكوت,3
home_based,False,صنع المنتجات الحرفية من الفخار والخزف,ظفار,طاقة,53
home_based,False,صنع المنتجات الحرفية من الفخار والخزف,ظفار,مرباط,136
home_based,False,صنع المنتجات الحرفية من الفخار والخزف,مسقط,السيب,9
home_based,False,صنع المنتجات الحرفية من الفخار والخزف,مسقط,العامرات,2
home_based,False,صنع المنتجات الحرفية من الفخار والخزف,مسقط,بوشر,2
home_based,False,صنع المنتجات الحرفية من الفخار والخزف,مسندم,خصب,7
home_based,False,صنع المنتجات الحرفية من الفضة,الداخلية,إزكي,2
home_based,False,صنع المنتجات الحرفية من الفضة,الداخلية,بهلاء,1
home_based,False,صنع المنتجات الحرفية من الفضة,الداخلية,سمائل,1
home_based,False,صنع المنتجات الحرفية من الفضة,جنوب الباطنة,الرستاق,1
home_based,False,صنع المنتجات الحرفية من الفضة,جنوب الباطنة,العوابي,1
home_based,False,صنع المنتجات الحرفية من الفضة,جنوب الباطنة,المصنعة,1
home_based,False,صنع المنتجات الحرفية من الفضة,جنوب الباطنة,بركاء,1
home_based,False,صنع المنتجات الحرفية من الفضة,جنوب الباطنة,نخل,2
home_based,False,صنع المنتجات الحرفية من الفضة,جنوب الباطنة,وادي المعاول,1
home_based,False,صنع المنتجات الحرفية من الفضة,جنوب الشرقية,جعلان بنى بوعلى,2
home_based,False,صنع المنتجات الحرفية من الفضة,جنوب الشرقية,صور,1
home_based,False,صنع المنتجات الحرفية من الفضة,جنوب الشرقية,مصيرة,1
home_based,False,صنع المنتجات الحرفية من الفضة,شمال الباطنة,شناص,1
home_based,False,صنع المنتجات الحرفية من الفضة,شمال الباطنة,صحار,1
home_based,False,صنع المنتجات الحرفية من الفضة,شمال الشرقية,ابراء,2
home_based,False,صنع المنتجات الحرفية من الفضة,ظفار,صلالة,3
home_based,False,صنع المنتجات الحرفية من الفضة,مسقط,السيب,14
home_based,False,صنع المنتجات الحرفية من الفضة,مسقط,العامرات,2
home_based,False,صنع المنتجات الحرفية من الفضة,مسقط,بوشر,5
home_based,False,صنع المنتجات الحرفية من الفضة,مسقط,مطرح,1
home_based,False,صنع المنتجات الحرفية من النحاس والمعادن,البريمي,البريمي,1
home_based,False,صنع المنتجات الحرفية من النحاس والمعادن,الداخلية,إزكي,3
home_based,False,صنع المنتجات الحرفية من النحاس والمعادن,الداخلية,بدبد,2
home_based,False,صنع المنتجات الحرفية من النحاس والمعادن,الداخلية,بهلاء,1
home_based,False,صنع المنتجات الحرفية من النحاس والمعادن,الداخلية,منح,1
home_based,False,صنع المنتجات الحرفية من النحاس والمعادن,الظاهرة,ينقل,1
home_based,False,صنع المنتجات الحرفية من النحاس والمعادن,الوسطى,محوت,1
home_based,False,صنع المنتجات الحرفية من النحاس والمعادن,جنوب الشرقية,صور,1
home_based,False,صنع المنتجات الحرفية من النحاس والمعادن,شمال الشرقية,ابراء,2
home_based,False,صنع المنتجات الحرفية من النحاس والمعادن,شمال الشرقية,المضيبي,1
home_based,False,صنع المنتجات الحرفية من النحاس والمعادن,مسقط,السيب,2
home_based,False,صنع المنتجات الحرفية من النحاس والمعادن,مسقط,بوشر,2
home_based,False,صنع المنتجات الحرفية من النحاس والمعادن,مسندم,خصب,10
home_based,False,صنع المنتجات الحرفية من النسيج القطني أو الصوف,البريمي,البريمي,2
home_based,False,صنع المنتجات الحرفية من النسيج القطني أو الصوف,الداخلية,أدم,8
home_based,False,صنع المنتجات الحرفية من النسيج القطني أو الصوف,الداخلية,إزكي,1
home_based,False,صنع المنتجات الحرفية من النسيج القطني أو الصوف,الداخلية,الجبل الأخضر,1
home_based,False,صنع المنتجات الحرفية من النسيج القطني أو الصوف,الداخلية,الحمراء,10
home_based,False,صنع المنتجات الحرفية من النسيج القطني أو الصوف,الداخلية,بدبد,1
home_based,False,صنع المنتجات الحرفية من النسيج القطني أو الصوف,الداخلية,بهلاء,25
home_based,False,صنع المنتجات الحرفية من النسيج القطني أو الصوف,الداخلية,سمائل,10
home_based,False,صنع المنتجات الحرفية من النسيج القطني أو الصوف,الداخلية,نزوى,5
home_based,False,صنع المنتجات الحرفية من النسيج القطني أو الصوف,الظاهرة,ضنك,16
home_based,False,صنع المنتجات الحرفية من النسيج القطني أو الصوف,الظاهرة,عبري,11
home_based,False,صنع المنتجات الحرفية من النسيج القطني أو الصوف,الوسطى,الجازر,19
home_based,False,صنع المنتجات الحرفية من النسيج القطني أو الصوف,الوسطى,الدقم,21
home_based,False,صنع المنتجات الحرفية من النسيج القطني أو الصوف,الوسطى,محوت,418
home_based,False,صنع المنتجات الحرفية من النسيج القطني أو الصوف,الوسطى,هيماء,168
home_based,False,صنع المنتجات الحرفية من النسيج القطني أو الصوف,جنوب الباطنة,الرستاق,5
home_based,False,صنع المنتجات الحرفية من النسيج القطني أو الصوف,جنوب الباطنة,العوابي,1
home_based,False,صنع المنتجات الحرفية من النسيج القطني أو الصوف,جنوب الباطنة,المصنعة,6
home_based,False,صنع المنتجات الحرفية من النسيج القطني أو الصوف,جنوب الباطنة,بركاء,1
home_based,False,صنع المنتجات الحرفية من النسيج القطني أو الصوف,جنوب الشرقية,الكامل والوافي,8
home_based,False,صنع المنتجات الحرفية من النسيج القطني أو الصوف,جنوب الشرقية,جعلان بنى بوحسن,7
home_based,False,صنع المنتجات الحرفية من النسيج القطني أو الصوف,جنوب الشرقية,جعلان بنى بوعلى,3
home_based,False,صنع المنتجات الحرفية من النسيج القطني أو الصوف,جنوب الشرقية,صور,5
home_based,False,صنع المنتجات الحرفية من النسيج القطني أو الصوف,جنوب الشرقية,مصيرة,48
home_based,False,صنع المنتجات الحرفية من النسيج القطني أو الصوف,شمال الباطنة,الخابورة,21
home_based,False,صنع المنتجات الحرفية من النسيج القطني أو الصوف,شمال الباطنة,السويق,15
home_based,False,صنع المنتجات الحرفية من النسيج القطني أو الصوف,شمال الباطنة,شناص,3
home_based,False,صنع المنتجات الحرفية من النسيج القطني أو الصوف,شمال الباطنة,صحار,8
home_based,False,صنع المنتجات الحرفية من النسيج القطني أو الصوف,شمال الباطنة,صحم,5
home_based,False,صنع المنتجات الحرفية من النسيج القطني أو الصوف,شمال الشرقية,ابراء,121
home_based,False,صنع المنتجات الحرفية من النسيج القطني أو الصوف,شمال الشرقية,القابل,273
home_based,False,صنع المنتجات الحرفية من النسيج القطني أو الصوف,شمال الشرقية,المضيبي,181
home_based,False,صنع المنتجات الحرفية من النسيج القطني أو الصوف,شمال الشرقية,بدية,275
home_based,False,صنع المنتجات الحرفية من النسيج القطني أو الصوف,شمال الشرقية,دماء والطائيين,13
home_based,False,صنع المنتجات الحرفية من النسيج القطني أو الصوف,شمال الشرقية,سناو,53
home_based,False,صنع المنتجات الحرفية من النسيج القطني أو الصوف,شمال الشرقية,وادى بنى خالد,45
home_based,False,صنع المنتجات الحرفية من النسيج القطني أو الصوف,ظفار,المزيونة,12
home_based,False,صنع المنتجات الحرفية من النسيج القطني أو الصوف,ظفار,ثمريت,1
home_based,False,صنع المنتجات الحرفية من النسيج القطني أو الصوف,ظفار,رخيوت,10
home_based,False,صنع المنتجات الحرفية من النسيج القطني أو الصوف,ظفار,سدح,53
home_based,False,صنع المنتجات الحرفية من النسيج القطني أو الصوف,ظفار,شليم وجزر الحلانيات,5
home_based,False,صنع المنتجات الحرفية من النسيج القطني أو الصوف,ظفار,صلالة,25
home_based,False,صنع المنتجات الحرفية من النسيج القطني أو الصوف,ظفار,ضلكوت,1
home_based,False,صنع المنتجات الحرفية من النسيج القطني أو الصوف,ظفار,طاقة,27
home_based,False,صنع المنتجات الحرفية من النسيج القطني أو الصوف,ظفار,مرباط,87
home_based,False,صنع المنتجات الحرفية من النسيج القطني أو الصوف,ظفار,مقشن,1
home_based,False,صنع المنتجات الحرفية من النسيج القطني أو الصوف,مسقط,السيب,4
home_based,False,صنع المنتجات الحرفية من النسيج القطني أو الصوف,مسقط,العامرات,1
home_based,False,صنع المنتجات الحرفية من النسيج القطني أو الصوف,مسقط,بوشر,2
home_based,False,صنع المنتجات الحرفية من النسيج القطني أو الصوف,مسقط,قريات,2
home_based,False,صنع المنتجات الحرفية من النسيج القطني أو الصوف,مسقط,مطرح,1
home_based,False,صنع المنتجات الحرفية من النسيج القطني أو الصوف,مسندم,بخا,1
home_based,False,صنع المنتجات الحرفية من النسيج القطني أو الصوف,مسندم,خصب,7
home_based,False,صنع وتجهيز البخور,البريمي,البريمي,173
home_based,False,صنع وتجهيز البخور,البريمي,محضة,6
home_based,False,صنع وتجهيز البخور,الداخلية,أدم,2
home_based,False,صنع وتجهيز البخور,الداخلية,إزكي,7
home_based,False,صنع وتجهيز البخور,الداخلية,الجبل الأخضر,1
home_based,False,صنع وتجهيز البخور,الداخلية,الحمراء,1
home_based,False,صنع وتجهيز البخور,الداخلية,بدبد,7
home_based,False,صنع وتجهيز البخور,الداخلية,بهلاء,8
home_based,False,صنع وتجهيز البخور,الداخلية,سمائل,7
home_based,False,صنع وتجهيز البخور,الداخلية,منح,5
home_based,False,صنع وتجهيز البخور,الداخلية,نزوى,19
home_based,False,صنع وتجهيز البخور,الظاهرة,ضنك,4
home_based,False,صنع وتجهيز البخور,الظاهرة,عبري,24
home_based,False,صنع وتجهيز البخور,الظاهرة,ينقل,2
home_based,False,صنع وتجهيز البخور,الوسطى,الجازر,8
home_based,False,صنع وتجهيز البخور,الوسطى,الدقم,16
home_based,False,صنع وتجهيز البخور,الوسطى,محوت,3
home_based,False,صنع وتجهيز البخور,الوسطى,هيماء,6
home_based,False,صنع وتجهيز البخور,جنوب الباطنة,الرستاق,91
home_based,False,صنع وتجهيز البخور,جنوب الباطنة,العوابي,16
home_based,False,صنع وتجهيز البخور,جنوب الباطنة,المصنعة,81
home_based,False,صنع وتجهيز البخور,جنوب الباطنة,بركاء,97
home_based,False,صنع وتجهيز البخور,جنوب الباطنة,نخل,8
home_based,False,صنع وتجهيز البخور,جنوب الباطنة,وادي المعاول,12
home_based,False,صنع وتجهيز البخور,جنوب الشرقية,الكامل والوافي,121
home_based,False,صنع وتجهيز البخور,جنوب الشرقية,جعلان بنى بوحسن,89
home_based,False,صنع وتجهيز البخور,جنوب الشرقية,جعلان بنى بوعلى,170
home_based,False,صنع وتجهيز البخور,جنوب الشرقية,صور,151
home_based,False,صنع وتجهيز البخور,جنوب الشرقية,مصيرة,9
home_based,False,صنع وتجهيز البخور,شمال الباطنة,الخابورة,56
home_based,False,صنع وتجهيز البخور,شمال الباطنة,السويق,69
home_based,False,صنع وتجهيز البخور,شمال الباطنة,شناص,31
home_based,False,صنع وتجهيز البخور,شمال الباطنة,صحار,142
home_based,False,صنع وتجهيز البخور,شمال الباطنة,صحم,163
home_based,False,صنع وتجهيز البخور,شمال الباطنة,لوى,26
home_based,False,صنع وتجهيز البخور,شمال الشرقية,ابراء,18
home_based,False,صنع وتجهيز البخور,شمال الشرقية,القابل,6
home_based,False,صنع وتجهيز البخور,شمال الشرقية,المضيبي,9
home_based,False,صنع وتجهيز البخور,شمال الشرقية,بدية,8
home_based,False,صنع وتجهيز البخور,شمال الشرقية,دماء والطائيين,4
home_based,False,صنع وتجهيز البخور,شمال الشرقية,سناو,4
home_based,False,صنع وتجهيز البخور,شمال الشرقية,وادى بنى خالد,1
home_based,False,صنع وتجهيز البخور,ظفار,المزيونة,16
home_based,False,صنع وتجهيز البخور,ظفار,ثمريت,56
home_based,False,صنع وتجهيز البخور,ظفار,رخيوت,22
home_based,False,صنع وتجهيز البخور,ظفار,سدح,66
home_based,False,صنع وتجهيز البخور,ظفار,شليم وجزر الحلانيات,4
home_based,False,صنع وتجهيز البخور,ظفار,صلالة,813
home_based,False,صنع وتجهيز البخور,ظفار,ضلكوت,12
home_based,False,صنع وتجهيز البخور,ظفار,طاقة,120
home_based,False,صنع وتجهيز البخور,ظفار,مرباط,103
home_based,False,صنع وتجهيز البخور,مسقط,السيب,122
home_based,False,صنع وتجهيز البخور,مسقط,العامرات,33
home_based,False,صنع وتجهيز البخور,مسقط,بوشر,30
home_based,False,صنع وتجهيز البخور,مسقط,قريات,4
home_based,False,صنع وتجهيز البخور,مسقط,مسقط,8
home_based,False,صنع وتجهيز البخور,مسقط,مطرح,6
home_based,False,صنع وتجهيز البخور,مسندم,بخا,15
home_based,False,صنع وتجهيز البخور,مسندم,خصب,345
home_based,False,صنع وتجهيز البخور,مسندم,دبا البيعة,47
home_based,False,صنع وتجهيز البخور,مسندم,مدحا,3
home_based,False,صنع وتفصيل الكمة العمانية,الداخلية,بهلاء,1
home_based,False,صنع وتفصيل الكمة العمانية,الداخلية,سمائل,1
home_based,False,صنع وتفصيل الكمة العمانية,الظاهرة,عبري,3
home_based,False,صنع وتفصيل الكمة العمانية,جنوب الباطنة,الرستاق,2
home_based,False,صنع وتفصيل الكمة العمانية,جنوب الباطنة,المصنعة,2
home_based,False,صنع وتفصيل الكمة العمانية,جنوب الشرقية,صور,1
home_based,False,صنع وتفصيل الكمة العمانية,شمال الباطنة,صحار,1
home_based,False,صنع وتفصيل الكمة العمانية,شمال الشرقية,ابراء,2
home_based,False,صنع وتفصيل الكمة العمانية,شمال الشرقية,القابل,2
home_based,False,صنع وتفصيل الكمة العمانية,شمال الشرقية,وادى بنى خالد,2
home_based,False,صنع وتفصيل الكمة العمانية,ظفار,ضلكوت,1
home_based,False,صنع وتفصيل الكمة العمانية,ظفار,مرباط,1
home_based,False,صنع وتفصيل الكمة العمانية,مسقط,السيب,2
home_based,False,صنع وتفصيل الكمة العمانية,مسقط,العامرات,1
home_based,False,صنع وتفصيل الكمة العمانية,مسقط,مسقط,2
home_based,False,صنع وتفصيل الكمة العمانية,مسقط,مطرح,1
home_based,True,صنع المنتجات الحرفية المشتقة من العظام,شمال الشرقية,بدية,3
home_based,True,صنع المنتجات الحرفية المشتقة من العظام,ظفار,ثمريت,8
home_based,True,صنع المنتجات الحرفية المشتقة من العظام,ظفار,صلالة,1
home_based,True,صنع المنتجات الحرفية المشتقة من العظام,مسندم,خصب,1
home_based,True,صنع المنتجات الحرفية بتقطير الزهور والاعشاب,البريمي,البريمي,2
home_based,True,صنع المنتجات الحرفية بتقطير الزهور والاعشاب,الداخلية,الجبل الأخضر,2
home_based,True,صنع المنتجات الحرفية بتقطير الزهور والاعشاب,الداخلية,بهلاء,1
home_based,True,صنع المنتجات الحرفية بتقطير الزهور والاعشاب,الداخلية,نزوى,1
home_based,True,صنع المنتجات الحرفية بتقطير الزهور والاعشاب,الظاهرة,ضنك,2
home_based,True,صنع المنتجات الحرفية بتقطير الزهور والاعشاب,الظاهرة,عبري,5
home_based,True,صنع المنتجات الحرفية بتقطير الزهور والاعشاب,الظاهرة,ينقل,1
home_based,True,صنع المنتجات الحرفية بتقطير الزهور والاعشاب,الوسطى,الدقم,1
home_based,True,صنع المنتجات الحرفية بتقطير الزهور والاعشاب,جنوب الباطنة,بركاء,1
home_based,True,صنع المنتجات الحرفية بتقطير الزهور والاعشاب,جنوب الباطنة,نخل,2
home_based,True,صنع المنتجات الحرفية بتقطير الزهور والاعشاب,جنوب الباطنة,وادي المعاول,2
home_based,True,صنع المنتجات الحرفية بتقطير الزهور والاعشاب,جنوب الشرقية,الكامل والوافي,1
home_based,True,صنع المنتجات الحرفية بتقطير الزهور والاعشاب,جنوب الشرقية,جعلان بنى بوحسن,1
home_based,True,صنع المنتجات الحرفية بتقطير الزهور والاعشاب,شمال الباطنة,الخابورة,1
home_based,True,صنع المنتجات الحرفية بتقطير الزهور والاعشاب,شمال الباطنة,شناص,1
home_based,True,صنع المنتجات الحرفية بتقطير الزهور والاعشاب,شمال الباطنة,صحار,1
home_based,True,صنع المنتجات الحرفية بتقطير الزهور والاعشاب,شمال الباطنة,لوى,1
home_based,True,صنع المنتجات الحرفية بتقطير الزهور والاعشاب,شمال الشرقية,ابراء,1
home_based,True,صنع المنتجات الحرفية بتقطير الزهور والاعشاب,شمال الشرقية,القابل,1
home_based,True,صنع المنتجات الحرفية بتقطير الزهور والاعشاب,شمال الشرقية,دماء والطائيين,1
home_based,True,صنع المنتجات الحرفية بتقطير الزهور والاعشاب,شمال الشرقية,سناو,1
home_based,True,صنع المنتجات الحرفية بتقطير الزهور والاعشاب,ظفار,ثمريت,1
home_based,True,صنع المنتجات الحرفية بتقطير الزهور والاعشاب,ظفار,صلالة,1
home_based,True,صنع المنتجات الحرفية بتقطير الزهور والاعشاب,مسقط,السيب,3
home_based,True,صنع المنتجات الحرفية بتقطير الزهور والاعشاب,مسقط,العامرات,3
home_based,True,صنع المنتجات الحرفية بتقطير الزهور والاعشاب,مسقط,قريات,1
home_based,True,صنع المنتجات الحرفية بتقطير الزهور والاعشاب,مسقط,مسقط,1
home_based,True,صنع المنتجات الحرفية لإنتاج ماء وزيت اللبان,البريمي,البريمي,1
home_based,True,صنع المنتجات الحرفية لإنتاج ماء وزيت اللبان,الداخلية,نزوى,1
home_based,True,صنع المنتجات الحرفية لإنتاج ماء وزيت اللبان,الظاهرة,ينقل,1
home_based,True,صنع المنتجات الحرفية لإنتاج ماء وزيت اللبان,شمال الباطنة,صحار,1
home_based,True,صنع المنتجات الحرفية لإنتاج ماء وزيت اللبان,شمال الشرقية,ابراء,1
home_based,True,صنع المنتجات الحرفية لإنتاج ماء وزيت اللبان,شمال الشرقية,المضيبي,1
home_based,True,صنع المنتجات الحرفية لإنتاج ماء وزيت اللبان,شمال الشرقية,وادى بنى خالد,1
home_based,True,صنع المنتجات الحرفية لإنتاج ماء وزيت اللبان,ظفار,سدح,7
home_based,True,صنع المنتجات الحرفية لإنتاج ماء وزيت اللبان,ظفار,شليم وجزر الحلانيات,1
home_based,True,صنع المنتجات الحرفية لإنتاج ماء وزيت اللبان,ظفار,صلالة,5
home_based,True,صنع المنتجات الحرفية لإنتاج ماء وزيت اللبان,ظفار,طاقة,1
home_based,True,صنع المنتجات الحرفية لإنتاج ماء وزيت اللبان,ظفار,مرباط,1
home_based,True,صنع المنتجات الحرفية لإنتاج ماء وزيت اللبان,مسقط,السيب,4
home_based,True,صنع المنتجات الحرفية لإنتاج ماء وزيت اللبان,مسقط,بوشر,1
home_based,True,صنع المنتجات الحرفية لإنتاج ماء وزيت اللبان,مسقط,مطرح,1
home_based,True,صنع المنتجات الحرفية لإنتاج ماء وزيت اللبان,مسندم,دبا البيعة,1
home_based,True,صنع المنتجات الحرفية لادوات الصيد التقليدية,الوسطى,محوت,1
home_based,True,صنع المنتجات الحرفية لادوات الصيد التقليدية,جنوب الشرقية,مصيرة,4
home_based,True,صنع المنتجات الحرفية لمستحضرات التجميل والعطور,البريمي,البريمي,10
home_based,True,صنع المنتجات الحرفية لمستحضرات التجميل والعطور,البريمي,محضة,1
home_based,True,صنع المنتجات الحرفية لمستحضرات التجميل والعطور,الداخلية,أدم,1
home_based,True,صنع المنتجات الحرفية لمستحضرات التجميل والعطور,الداخلية,إزكي,1
home_based,True,صنع المنتجات الحرفية لمستحضرات التجميل والعطور,الداخلية,الجبل الأخضر,1
home_based,True,صنع المنتجات الحرفية لمستحضرات التجميل والعطور,الداخلية,الحمراء,1
home_based,True,صنع المنتجات الحرفية لمستحضرات التجميل والعطور,الداخلية,بدبد,1
home_based,True,صنع المنتجات الحرفية لمستحضرات التجميل والعطور,الداخلية,بهلاء,1
home_based,True,صنع المنتجات الحرفية لمستحضرات التجميل والعطور,الداخلية,سمائل,3
home_based,True,صنع المنتجات الحرفية لمستحضرات التجميل والعطور,الداخلية,منح,3
home_based,True,صنع المنتجات الحرفية لمستحضرات التجميل والعطور,الداخلية,نزوى,7
home_based,True,صنع المنتجات الحرفية لمستحضرات التجميل والعطور,الظاهرة,ضنك,1
home_based,True,صنع المنتجات الحرفية لمستحضرات التجميل والعطور,الظاهرة,عبري,3
home_based,True,صنع المنتجات الحرفية لمستحضرات التجميل والعطور,الوسطى,الجازر,3
home_based,True,صنع المنتجات الحرفية لمستحضرات التجميل والعطور,الوسطى,محوت,1
home_based,True,صنع المنتجات الحرفية لمستحضرات التجميل والعطور,الوسطى,هيماء,2
home_based,True,صنع المنتجات الحرفية لمستحضرات التجميل والعطور,جنوب الباطنة,الرستاق,9
home_based,True,صنع المنتجات الحرفية لمستحضرات التجميل والعطور,جنوب الباطنة,العوابي,3
home_based,True,صنع المنتجات الحرفية لمستحضرات التجميل والعطور,جنوب الباطنة,المصنعة,5
home_based,True,صنع المنتجات الحرفية لمستحضرات التجميل والعطور,جنوب الباطنة,بركاء,17
home_based,True,صنع المنتجات الحرفية لمستحضرات التجميل والعطور,جنوب الباطنة,نخل,3
home_based,True,صنع المنتجات الحرفية لمستحضرات التجميل والعطور,جنوب الباطنة,وادي المعاول,2
home_based,True,صنع المنتجات الحرفية لمستحضرات التجميل والعطور,جنوب الشرقية,الكامل والوافي,3
home_based,True,صنع المنتجات الحرفية لمستحضرات التجميل والعطور,جنوب الشرقية,جعلان بنى بوحسن,3
home_based,True,صنع المنتجات الحرفية لمستحضرات التجميل والعطور,جنوب الشرقية,جعلان بنى بوعلى,13
home_based,True,صنع المنتجات الحرفية لمستحضرات التجميل والعطور,جنوب الشرقية,صور,26
home_based,True,صنع المنتجات الحرفية لمستحضرات التجميل والعطور,جنوب الشرقية,مصيرة,1
home_based,True,صنع المنتجات الحرفية لمستحضرات التجميل والعطور,شمال الباطنة,الخابورة,3
home_based,True,صنع المنتجات الحرفية لمستحضرات التجميل والعطور,شمال الباطنة,السويق,10
home_based,True,صنع المنتجات الحرفية لمستحضرات التجميل والعطور,شمال الباطنة,شناص,10
home_based,True,صنع المنتجات الحرفية لمستحضرات التجميل والعطور,شمال الباطنة,صحار,24
home_based,True,صنع المنتجات الحرفية لمستحضرات التجميل والعطور,شمال الباطنة,صحم,14
home_based,True,صنع المنتجات الحرفية لمستحضرات التجميل والعطور,شمال الباطنة,لوى,10
home_based,True,صنع المنتجات الحرفية لمستحضرات التجميل والعطور,شمال الشرقية,ابراء,5
home_based,True,صنع المنتجات الحرفية لمستحضرات التجميل والعطور,شمال الشرقية,القابل,2
home_based,True,صنع المنتجات الحرفية لمستحضرات التجميل والعطور,شمال الشرقية,المضيبي,7
home_based,True,صنع المنتجات الحرفية لمستحضرات التجميل والعطور,شمال الشرقية,بدية,1
home_based,True,صنع المنتجات الحرفية لمستحضرات التجميل والعطور,شمال الشرقية,سناو,3
home_based,True,صنع المنتجات الحرفية لمستحضرات التجميل والعطور,ظفار,المزيونة,2
home_based,True,صنع المنتجات الحرفية لمستحضرات التجميل والعطور,ظفار,ثمريت,14
home_based,True,صنع المنتجات الحرفية لمستحضرات التجميل والعطور,ظفار,رخيوت,12
home_based,True,صنع المنتجات الحرفية لمستحضرات التجميل والعطور,ظفار,سدح,4
home_based,True,صنع المنتجات الحرفية لمستحضرات التجميل والعطور,ظفار,شليم وجزر الحلانيات,1
home_based,True,صنع المنتجات الحرفية لمستحضرات التجميل والعطور,ظفار,صلالة,56
home_based,True,صنع المنتجات الحرفية لمستحضرات التجميل والعطور,ظفار,ضلكوت,3
home_based,True,صنع المنتجات الحرفية لمستحضرات التجميل والعطور,ظفار,طاقة,12
home_based,True,صنع المنتجات الحرفية لمستحضرات التجميل والعطور,ظفار,مرباط,6
home_based,True,صنع المنتجات الحرفية لمستحضرات التجميل والعطور,ظفار,مقشن,2
home_based,True,صنع المنتجات الحرفية لمستحضرات التجميل والعطور,مسقط,السيب,66
home_based,True,صنع المنتجات الحرفية لمستحضرات التجميل والعطور,مسقط,العامرات,12
home_based,True,صنع المنتجات الحرفية لمستحضرات التجميل والعطور,مسقط,بوشر,12
home_based,True,صنع المنتجات الحرفية لمستحضرات التجميل والعطور,مسقط,قريات,1
home_based,True,صنع المنتجات الحرفية لمستحضرات التجميل والعطور,مسقط,مسقط,1
home_based,True,صنع المنتجات الحرفية لمستحضرات التجميل والعطور,مسقط,مطرح,2
home_based,True,صنع المنتجات الحرفية لمستحضرات التجميل والعطور,مسندم,خصب,1
home_based,True,صنع المنتجات الحرفية لمستحضرات التجميل والعطور,مسندم,دبا البيعة,1
home_based,True,صنع المنتجات الحرفية من الجلد,الداخلية,أدم,1
home_based,True,صنع المنتجات الحرفية من الجلد,الظاهرة,عبري,1
home_based,True,صنع المنتجات الحرفية من الجلد,الوسطى,هيماء,1
home_based,True,صنع المنتجات الحرفية من الجلد,شمال الشرقية,ابراء,1
home_based,True,صنع المنتجات الحرفية من الجلد,ظفار,المزيونة,12
home_based,True,صنع المنتجات الحرفية من الجلد,ظفار,ثمريت,16
home_based,True,صنع المنتجات الحرفية من الجلد,ظفار,رخيوت,14
home_based,True,صنع المنتجات الحرفية من الجلد,ظفار,سدح,20
home_based,True,صنع المنتجات الحرفية من الجلد,ظفار,شليم وجزر الحلانيات,1
home_based,True,صنع المنتجات الحرفية من الجلد,ظفار,صلالة,1
home_based,True,صنع المنتجات الحرفية من الجلد,ظفار,طاقة,6
home_based,True,صنع المنتجات الحرفية من الجلد,ظفار,مرباط,15
home_based,True,صنع المنتجات الحرفية من الحجر والجبس,البريمي,البريمي,1
home_based,True,صنع المنتجات الحرفية من الحجر والجبس,الظاهرة,عبري,1
home_based,True,صنع المنتجات الحرفية من الحجر والجبس,الوسطى,هيماء,3
home_based,True,صنع المنتجات الحرفية من الحجر والجبس,جنوب الباطنة,بركاء,3
home_based,True,صنع المنتجات الحرفية من الحجر والجبس,جنوب الشرقية,جعلان بنى بوحسن,1
home_based,True,صنع المنتجات الحرفية من الحجر والجبس,جنوب الشرقية,مصيرة,1
home_based,True,صنع المنتجات الحرفية من الحجر والجبس,شمال الشرقية,المضيبي,1
home_based,True,صنع المنتجات الحرفية من الحجر والجبس,شمال الشرقية,بدية,1
home_based,True,صنع المنتجات الحرفية من الحجر والجبس,ظفار,صلالة,1
home_based,True,صنع المنتجات الحرفية من الحجر والجبس,مسقط,السيب,2
home_based,True,صنع المنتجات الحرفية من الحجر والجبس,مسقط,العامرات,1
home_based,True,صنع المنتجات الحرفية من الحجر والجبس,مسقط,بوشر,1
home_based,True,صنع المنتجات الحرفية من الحجر والجبس,مسقط,مسقط,1
home_based,True,صنع المنتجات الحرفية من الخشب,الداخلية,بهلاء,1
home_based,True,صنع المنتجات الحرفية من الخشب,الداخلية,سمائل,1
home_based,True,صنع المنتجات الحرفية من الخشب,الظاهرة,ضنك,3
home_based,True,صنع المنتجات الحرفية من الخشب,الظاهرة,عبري,1
home_based,True,صنع المنتجات الحرفية من الخشب,جنوب الباطنة,الرستاق,11
home_based,True,صنع المنتجات الحرفية من الخشب,جنوب الشرقية,صور,1
home_based,True,صنع المنتجات الحرفية من الخشب,شمال الباطنة,الخابورة,1
home_based,True,صنع المنتجات الحرفية من الخشب,شمال الباطنة,صحم,1
home_based,True,صنع المنتجات الحرفية من الخشب,شمال الشرقية,القابل,1
home_based,True,صنع المنتجات الحرفية من الخشب,شمال الشرقية,بدية,1
home_based,True,صنع المنتجات الحرفية من الخشب,ظفار,رخيوت,3
home_based,True,صنع المنتجات الحرفية من الخشب,ظفار,صلالة,1
home_based,True,صنع المنتجات الحرفية من الخشب,ظفار,ضلكوت,7
home_based,True,صنع المنتجات الحرفية من الخشب,مسقط,السيب,2
home_based,True,صنع المنتجات الحرفية من الخشب,مسقط,العامرات,2
home_based,True,صنع المنتجات الحرفية من الخشب,مسقط,بوشر,1
home_based,True,صنع المنتجات الحرفية من الخشب,مسندم,خصب,1
home_based,True,صنع المنتجات الحرفية من السعف,البريمي,البريمي,1
home_based,True,صنع المنتجات الحرفية من السعف,البريمي,محضة,1
home_based,True,صنع المنتجات الحرفية من السعف,الداخلية,بهلاء,3
home_based,True,صنع المنتجات الحرفية من السعف,الداخلية,سمائل,1
home_based,True,صنع المنتجات الحرفية من السعف,الداخلية,نزوى,4
home_based,True,صنع المنتجات الحرفية من السعف,الظاهرة,ضنك,35
home_based,True,صنع المنتجات الحرفية من السعف,الظاهرة,عبري,1
home_based,True,صنع المنتجات الحرفية من السعف,الظاهرة,ينقل,1
home_based,True,صنع المنتجات الحرفية من السعف,الوسطى,الجازر,23
home_based,True,صنع المنتجات الحرفية من السعف,الوسطى,الدقم,25
home_based,True,صنع المنتجات الحرفية من السعف,الوسطى,هيماء,2
home_based,True,صنع المنتجات الحرفية من السعف,جنوب الباطنة,الرستاق,28
home_based,True,صنع المنتجات الحرفية من السعف,جنوب الباطنة,العوابي,6
home_based,True,صنع المنتجات الحرفية من السعف,جنوب الباطنة,نخل,3
home_based,True,صنع المنتجات الحرفية من السعف,جنوب الباطنة,وادي المعاول,4
home_based,True,صنع المنتجات الحرفية من السعف,جنوب الشرقية,جعلان بنى بوحسن,2
home_based,True,صنع المنتجات الحرفية من السعف,شمال الباطنة,شناص,1
home_based,True,صنع المنتجات الحرفية من السعف,شمال الباطنة,صحار,2
home_based,True,صنع المنتجات الحرفية من السعف,شمال الباطنة,لوى,2
home_based,True,صنع المنتجات الحرفية من السعف,شمال الشرقية,المضيبي,1
home_based,True,صنع المنتجات الحرفية من السعف,شمال الشرقية,دماء والطائيين,1
home_based,True,صنع المنتجات الحرفية من السعف,شمال الشرقية,وادى بنى خالد,7
home_based,True,صنع المنتجات الحرفية من السعف,ظفار,المزيونة,5
home_based,True,صنع المنتجات الحرفية من السعف,ظفار,ثمريت,5
home_based,True,صنع المنتجات الحرفية من السعف,ظفار,رخيوت,4
home_based,True,صنع المنتجات الحرفية من السعف,ظفار,سدح,77
home_based,True,صنع المنتجات الحرفية من السعف,ظفار,شليم وجزر الحلانيات,9
home_based,True,صنع المنتجات الحرفية من السعف,ظفار,صلالة,6
home_based,True,صنع المنتجات الحرفية من السعف,ظفار,ضلكوت,2
home_based,True,صنع المنتجات الحرفية من السعف,ظفار,طاقة,12
home_based,True,صنع المنتجات الحرفية من السعف,ظفار,مرباط,6
home_based,True,صنع المنتجات الحرفية من السعف,مسقط,السيب,1
home_based,True,صنع المنتجات الحرفية من السعف,مسقط,العامرات,3
home_based,True,صنع المنتجات الحرفية من السعف,مسقط,بوشر,1
home_based,True,صنع المنتجات الحرفية من السعف,مسقط,قريات,3
home_based,True,صنع المنتجات الحرفية من السعف,مسندم,بخا,2
home_based,True,صنع المنتجات الحرفية من السعف,مسندم,خصب,38
home_based,True,صنع المنتجات الحرفية من السعف,مسندم,دبا البيعة,7
home_based,True,صنع المنتجات الحرفية من الفخار والخزف,البريمي,البريمي,4
home_based,True,صنع المنتجات الحرفية من الفخار والخزف,الداخلية,الحمراء,1
home_based,True,صنع المنتجات الحرفية من الفخار والخزف,الداخلية,بهلاء,7
home_based,True,صنع المنتجات الحرفية من الفخار والخزف,الداخلية,منح,1
home_based,True,صنع المنتجات الحرفية من الفخار والخزف,الظاهرة,ينقل,4
home_based,True,صنع المنتجات الحرفية من الفخار والخزف,الوسطى,الدقم,1
home_based,True,صنع المنتجات الحرفية من الفخار والخزف,جنوب الشرقية,جعلان بنى بوحسن,1
home_based,True,صنع المنتجات الحرفية من الفخار والخزف,شمال الباطنة,الخابورة,1
home_based,True,صنع المنتجات الحرفية من الفخار والخزف,شمال الباطنة,شناص,1
home_based,True,صنع المنتجات الحرفية من الفخار والخزف,شمال الباطنة,صحم,1
home_based,True,صنع المنتجات الحرفية من الفخار والخزف,شمال الشرقية,ابراء,1
home_based,True,صنع المنتجات الحرفية من الفخار والخزف,شمال الشرقية,المضيبي,2
home_based,True,صنع المنتجات الحرفية من الفخار والخزف,شمال الشرقية,بدية,1
home_based,True,صنع المنتجات الحرفية من الفخار والخزف,شمال الشرقية,دماء والطائيين,1
home_based,True,صنع المنتجات الحرفية من الفخار والخزف,ظفار,رخيوت,1
home_based,True,صنع المنتجات الحرفية من الفخار والخزف,ظفار,سدح,20
home_based,True,صنع المنتجات الحرفية من الفخار والخزف,ظفار,صلالة,65
home_based,True,صنع المنتجات الحرفية من الفخار والخزف,ظفار,ضلكوت,3
home_based,True,صنع المنتجات الحرفية من الفخار والخزف,ظفار,طاقة,53
home_based,True,صنع المنتجات الحرفية من الفخار والخزف,ظفار,مرباط,136
home_based,True,صنع المنتجات الحرفية من الفخار والخزف,مسقط,السيب,7
home_based,True,صنع المنتجات الحرفية من الفخار والخزف,مسقط,العامرات,2
home_based,True,صنع المنتجات الحرفية من الفخار والخزف,مسقط,بوشر,2
home_based,True,صنع المنتجات الحرفية من الفخار والخزف,مسندم,خصب,6
home_based,True,صنع المنتجات الحرفية من الفضة,الداخلية,سمائل,1
home_based,True,صنع المنتجات الحرفية من الفضة,جنوب الباطنة,الرستاق,1
home_based,True,صنع المنتجات الحرفية من الفضة,جنوب الباطنة,العوابي,1
home_based,True,صنع المنتجات الحرفية من الفضة,جنوب الباطنة,نخل,2
home_based,True,صنع المنتجات الحرفية من الفضة,جنوب الباطنة,وادي المعاول,1
home_based,True,صنع المنتجات الحرفية من الفضة,جنوب الشرقية,صور,1
home_based,True,صنع المنتجات الحرفية من الفضة,جنوب الشرقية,مصيرة,1
home_based,True,صنع المنتجات الحرفية من الفضة,ظفار,صلالة,3
home_based,True,صنع المنتجات الحرفية من الفضة,مسقط,السيب,10
home_based,True,صنع المنتجات الحرفية من الفضة,مسقط,بوشر,3
home_based,True,صنع المنتجات الحرفية من الفضة,مسقط,مطرح,1
home_based,True,صنع المنتجات الحرفية من النحاس والمعادن,البريمي,البريمي,1
home_based,True,صنع المنتجات الحرفية من النحاس والمعادن,الداخلية,إزكي,3
home_based,True,صنع المنتجات الحرفية من النحاس والمعادن,الداخلية,بدبد,2
home_based,True,صنع المنتجات الحرفية من النحاس والمعادن,الداخلية,بهلاء,1
home_based,True,صنع المنتجات الحرفية من النحاس والمعادن,الداخلية,منح,1
home_based,True,صنع المنتجات الحرفية من النحاس والمعادن,جنوب الشرقية,صور,1
home_based,True,صنع المنتجات الحرفية من النحاس والمعادن,مسقط,السيب,1
home_based,True,صنع المنتجات الحرفية من النحاس والمعادن,مسندم,خصب,4
home_based,True,صنع المنتجات الحرفية من النسيج القطني أو الصوف,البريمي,البريمي,2
home_based,True,صنع المنتجات الحرفية من النسيج القطني أو الصوف,الداخلية,أدم,7
home_based,True,صنع المنتجات الحرفية من النسيج القطني أو الصوف,الداخلية,إزكي,1
home_based,True,صنع المنتجات الحرفية من النسيج القطني أو الصوف,الداخلية,الجبل الأخضر,1
home_based,True,صنع المنتجات الحرفية من النسيج القطني أو الصوف,الداخلية,الحمراء,7
home_based,True,صنع المنتجات الحرفية من النسيج القطني أو الصوف,الداخلية,بدبد,1
home_based,True,صنع المنتجات الحرفية من النسيج القطني أو الصوف,الداخلية,بهلاء,25
home_based,True,صنع المنتجات الحرفية من النسيج القطني أو الصوف,الداخلية,سمائل,9
home_based,True,صنع المنتجات الحرفية من النسيج القطني أو الصوف,الداخلية,نزوى,5
home_based,True,صنع المنتجات الحرفية من النسيج القطني أو الصوف,الظاهرة,ضنك,16
home_based,True,صنع المنتجات الحرفية من النسيج القطني أو الصوف,الظاهرة,عبري,11
home_based,True,صنع المنتجات الحرفية من النسيج القطني أو الصوف,الوسطى,الجازر,19
home_based,True,صنع المنتجات الحرفية من النسيج القطني أو الصوف,الوسطى,الدقم,21
home_based,True,صنع المنتجات الحرفية من النسيج القطني أو الصوف,الوسطى,محوت,403
home_based,True,صنع المنتجات الحرفية من النسيج القطني أو الصوف,الوسطى,هيماء,160
home_based,True,صنع المنتجات الحرفية من النسيج القطني أو الصوف,جنوب الباطنة,الرستاق,4
home_based,True,صنع المنتجات الحرفية من النسيج القطني أو الصوف,جنوب الباطنة,العوابي,1
home_based,True,صنع المنتجات الحرفية من النسيج القطني أو الصوف,جنوب الباطنة,المصنعة,5
home_based,True,صنع المنتجات الحرفية من النسيج القطني أو الصوف,جنوب الباطنة,بركاء,1
home_based,True,صنع المنتجات الحرفية من النسيج القطني أو الصوف,جنوب الشرقية,الكامل والوافي,6
home_based,True,صنع المنتجات الحرفية من النسيج القطني أو الصوف,جنوب الشرقية,جعلان بنى بوحسن,5
home_based,True,صنع المنتجات الحرفية من النسيج القطني أو الصوف,جنوب الشرقية,جعلان بنى بوعلى,2
home_based,True,صنع المنتجات الحرفية من النسيج القطني أو الصوف,جنوب الشرقية,صور,5
home_based,True,صنع المنتجات الحرفية من النسيج القطني أو الصوف,جنوب الشرقية,مصيرة,48
home_based,True,صنع المنتجات الحرفية من النسيج القطني أو الصوف,شمال الباطنة,الخابورة,21
home_based,True,صنع المنتجات الحرفية من النسيج القطني أو الصوف,شمال الباطنة,السويق,15
home_based,True,صنع المنتجات الحرفية من النسيج القطني أو الصوف,شمال الباطنة,شناص,3
home_based,True,صنع المنتجات الحرفية من النسيج القطني أو الصوف,شمال الباطنة,صحار,8
home_based,True,صنع المنتجات الحرفية من النسيج القطني أو الصوف,شمال الباطنة,صحم,2
home_based,True,صنع المنتجات الحرفية من النسيج القطني أو الصوف,شمال الشرقية,ابراء,118
home_based,True,صنع المنتجات الحرفية من النسيج القطني أو الصوف,شمال الشرقية,القابل,262
home_based,True,صنع المنتجات الحرفية من النسيج القطني أو الصوف,شمال الشرقية,المضيبي,177
home_based,True,صنع المنتجات الحرفية من النسيج القطني أو الصوف,شمال الشرقية,بدية,264
home_based,True,صنع المنتجات الحرفية من النسيج القطني أو الصوف,شمال الشرقية,دماء والطائيين,13
home_based,True,صنع المنتجات الحرفية من النسيج القطني أو الصوف,شمال الشرقية,سناو,52
home_based,True,صنع المنتجات الحرفية من النسيج القطني أو الصوف,شمال الشرقية,وادى بنى خالد,43
home_based,True,صنع المنتجات الحرفية من النسيج القطني أو الصوف,ظفار,المزيونة,12
home_based,True,صنع المنتجات الحرفية من النسيج القطني أو الصوف,ظفار,ثمريت,1
home_based,True,صنع المنتجات الحرفية من النسيج القطني أو الصوف,ظفار,رخيوت,10
home_based,True,صنع المنتجات الحرفية من النسيج القطني أو الصوف,ظفار,سدح,53
home_based,True,صنع المنتجات الحرفية من النسيج القطني أو الصوف,ظفار,شليم وجزر الحلانيات,5
home_based,True,صنع المنتجات الحرفية من النسيج القطني أو الصوف,ظفار,صلالة,25
home_based,True,صنع المنتجات الحرفية من النسيج القطني أو الصوف,ظفار,ضلكوت,1
home_based,True,صنع المنتجات الحرفية من النسيج القطني أو الصوف,ظفار,طاقة,27
home_based,True,صنع المنتجات الحرفية من النسيج القطني أو الصوف,ظفار,مرباط,87
home_based,True,صنع المنتجات الحرفية من النسيج القطني أو الصوف,ظفار,مقشن,1
home_based,True,صنع المنتجات الحرفية من النسيج القطني أو الصوف,مسقط,السيب,4
home_based,True,صنع المنتجات الحرفية من النسيج القطني أو الصوف,مسقط,العامرات,1
home_based,True,صنع المنتجات الحرفية من النسيج القطني أو الصوف,مسقط,بوشر,2
home_based,True,صنع المنتجات الحرفية من النسيج القطني أو الصوف,مسقط,قريات,2
home_based,True,صنع المنتجات الحرفية من النسيج القطني أو الصوف,مسقط,مطرح,1
home_based,True,صنع المنتجات الحرفية من النسيج القطني أو الصوف,مسندم,بخا,1
home_based,True,صنع المنتجات الحرفية من النسيج القطني أو الصوف,مسندم,خصب,6
home_based,True,صنع وتجهيز البخور,البريمي,البريمي,172
home_based,True,صنع وتجهيز البخور,البريمي,محضة,6
home_based,True,صنع وتجهيز البخور,الداخلية,أدم,2
home_based,True,صنع وتجهيز البخور,الداخلية,إزكي,6
home_based,True,صنع وتجهيز البخور,الداخلية,الجبل الأخضر,1
home_based,True,صنع وتجهيز البخور,الداخلية,بدبد,7
home_based,True,صنع وتجهيز البخور,الداخلية,بهلاء,7
home_based,True,صنع وتجهيز البخور,الداخلية,سمائل,7
home_based,True,صنع وتجهيز البخور,الداخلية,منح,4
home_based,True,صنع وتجهيز البخور,الداخلية,نزوى,17
home_based,True,صنع وتجهيز البخور,الظاهرة,ضنك,4
home_based,True,صنع وتجهيز البخور,الظاهرة,عبري,23
home_based,True,صنع وتجهيز البخور,الظاهرة,ينقل,2
home_based,True,صنع وتجهيز البخور,الوسطى,الجازر,8
home_based,True,صنع وتجهيز البخور,الوسطى,الدقم,15
home_based,True,صنع وتجهيز البخور,الوسطى,محوت,3
home_based,True,صنع وتجهيز البخور,الوسطى,هيماء,5
home_based,True,صنع وتجهيز البخور,جنوب الباطنة,الرستاق,89
home_based,True,صنع وتجهيز البخور,جنوب الباطنة,العوابي,16
home_based,True,صنع وتجهيز البخور,جنوب الباطنة,المصنعة,78
home_based,True,صنع وتجهيز البخور,جنوب الباطنة,بركاء,92
home_based,True,صنع وتجهيز البخور,جنوب الباطنة,نخل,7
home_based,True,صنع وتجهيز البخور,جنوب الباطنة,وادي المعاول,12
home_based,True,صنع وتجهيز البخور,جنوب الشرقية,الكامل والوافي,119
home_based,True,صنع وتجهيز البخور,جنوب الشرقية,جعلان بنى بوحسن,88
home_based,True,صنع وتجهيز البخور,جنوب الشرقية,جعلان بنى بوعلى,168
home_based,True,صنع وتجهيز البخور,جنوب الشرقية,صور,146
home_based,True,صنع وتجهيز البخور,جنوب الشرقية,مصيرة,9
home_based,True,صنع وتجهيز البخور,شمال الباطنة,الخابورة,54
home_based,True,صنع وتجهيز البخور,شمال الباطنة,السويق,69
home_based,True,صنع وتجهيز البخور,شمال الباطنة,شناص,30
home_based,True,صنع وتجهيز البخور,شمال الباطنة,صحار,137
home_based,True,صنع وتجهيز البخور,شمال الباطنة,صحم,162
home_based,True,صنع وتجهيز البخور,شمال الباطنة,لوى,26
home_based,True,صنع وتجهيز البخور,شمال الشرقية,ابراء,17
home_based,True,صنع وتجهيز البخور,شمال الشرقية,القابل,6
home_based,True,صنع وتجهيز البخور,شمال الشرقية,المضيبي,9
home_based,True,صنع وتجهيز البخور,شمال الشرقية,بدية,8
home_based,True,صنع وتجهيز البخور,شمال الشرقية,دماء والطائيين,4
home_based,True,صنع وتجهيز البخور,شمال الشرقية,سناو,4
home_based,True,صنع وتجهيز البخور,شمال الشرقية,وادى بنى خالد,1
home_based,True,صنع وتجهيز البخور,ظفار,المزيونة,16
home_based,True,صنع وتجهيز البخور,ظفار,ثمريت,56
home_based,True,صنع وتجهيز البخور,ظفار,رخيوت,22
home_based,True,صنع وتجهيز البخور,ظفار,سدح,65
home_based,True,صنع وتجهيز البخور,ظفار,شليم وجزر الحلانيات,4
home_based,True,صنع وتجهيز البخور,ظفار,صلالة,811
home_based,True,صنع وتجهيز البخور,ظفار,ضلكوت,12
home_based,True,صنع وتجهيز البخور,ظفار,طاقة,120
home_based,True,صنع وتجهيز البخور,ظفار,مرباط,103
home_based,True,صنع وتجهيز البخور,مسقط,السيب,114
home_based,True,صنع وتجهيز البخور,مسقط,العامرات,30
home_based,True,صنع وتجهيز البخور,مسقط,بوشر,26
home_based,True,صنع وتجهيز البخور,مسقط,قريات,4
home_based,True,صنع وتجهيز البخور,مسقط,مسقط,7
home_based,True,صنع وتجهيز البخور,مسقط,مطرح,5
home_based,True,صنع وتجهيز البخور,مسندم,بخا,15
home_based,True,صنع وتجهيز البخور,مسندم,خصب,342
home_based,True,صنع وتجهيز البخور,مسندم,دبا البيعة,47
home_based,True,صنع وتجهيز البخور,مسندم,مدحا,3
home_based,True,صنع وتفصيل الكمة العمانية,الداخلية,بهلاء,1
home_based,True,صنع وتفصيل الكمة العمانية,الداخلية,سمائل,1
home_based,True,صنع وتفصيل الكمة العمانية,الظاهرة,عبري,3
home_based,True,صنع وتفصيل الكمة العمانية,جنوب الباطنة,الرستاق,2
home_based,True,صنع وتفصيل الكمة العمانية,جنوب الباطنة,المصنعة,2
home_based,True,صنع وتفصيل الكمة العمانية,جنوب الشرقية,صور,1
home_based,True,صنع وتفصيل الكمة العمانية,شمال الباطنة,صحار,1
home_based,True,صنع وتفصيل الكمة العمانية,شمال الشرقية,ابراء,2
home_based,True,صنع وتفصيل الكمة العمانية,شمال الشرقية,القابل,2
home_based,True,صنع وتفصيل الكمة العمانية,شمال الشرقية,وادى بنى خالد,2
home_based,True,صنع وتفصيل الكمة العمانية,ظفار,ضلكوت,1
home_based,True,صنع وتفصيل الكمة العمانية,ظفار,مرباط,1
home_based,True,صنع وتفصيل الكمة العمانية,مسقط,مسقط,1
home_based,True,صنع وتفصيل الكمة العمانية,مسقط,مطرح,1
startup,False,التصنيع الرقمي,مسقط,,5
startup,False,التكنولوجيا الخضراء,الظاهرة,,1
startup,False,التكنولوجيا الخضراء,جنوب الباطنة,,1
startup,False,التكنولوجيا الخضراء,جنوب الشرقية,,1
startup,False,التكنولوجيا الخضراء,مسقط,,5
startup,False,التكنولوجيا العقارية,مسقط,,8
startup,False,التكنولوجيا العميقة,الداخلية,,1
startup,False,التكنولوجيا العميقة,جنوب الباطنة,,1
startup,False,التكنولوجيا العميقة,جنوب الشرقية,,1
startup,False,التكنولوجيا العميقة,ظفار,,2
startup,False,التكنولوجيا العميقة,مسقط,,14
startup,False,تقنيات التصنيع,الداخلية,,1
startup,False,تقنيات التصنيع,مسقط,,3
startup,False,تكنولجيا الفضاء,الظاهرة,,1
startup,False,تكنولجيا الفضاء,ظفار,,1
startup,False,تكنولجيا الفضاء,مسقط,,3
startup,False,تكنولجيا الموارد البشرية,البريمي,,1
startup,False,تكنولجيا الموارد البشرية,مسقط,,10
startup,False,روبوتات,مسقط,,3
startup,False,قطاع الأمن السيبراني,الداخلية,,1
startup,False,قطاع الأمن السيبراني,شمال الباطنة,,1
startup,False,قطاع الأمن السيبراني,مسقط,,5
startup,False,قطاع التجارة الإلكترونية,الداخلية,,3
startup,False,قطاع التجارة الإلكترونية,الظاهرة,,1
startup,False,قطاع التجارة الإلكترونية,شمال الباطنة,,1
startup,False,قطاع التجارة الإلكترونية,ظفار,,3
startup,False,قطاع التجارة الإلكترونية,مسقط,,27
startup,False,قطاع التقنيات التنظيمية,الداخلية,,1
startup,False,قطاع التقنيات التنظيمية,الظاهرة,,1
startup,False,قطاع التقنيات التنظيمية,مسقط,,8
startup,False,قطاع التقنيات الحيوية,مسقط,,2
startup,False,قطاع التقنيات الدعائية والتسويقية,الداخلية,,1
startup,False,قطاع التقنيات الدعائية والتسويقية,ظفار,,1
startup,False,قطاع التقنيات الدعائية والتسويقية,مسقط,,8
startup,False,قطاع التقنيات الزراعية,شمال الشرقية,,1
startup,False,قطاع التقنيات الزراعية,مسقط,,3
startup,False,قطاع التقنيات الزراعية,مسندم,,1
startup,False,قطاع التقنيات الصحية,ظفار,,1
startup,False,قطاع التقنيات الصحية,مسقط,,8
startup,False,قطاع التقنيات الطبية,الداخلية,,1
startup,False,قطاع التقنيات الطبية,مسقط,,4
startup,False,قطاع التقنيات القانونية,مسقط,,1
startup,False,قطاع التقنيات اللوجستية,الداخلية,,4
startup,False,قطاع التقنيات اللوجستية,جنوب الباطنة,,1
startup,False,قطاع التقنيات اللوجستية,شمال الباطنة,,1
startup,False,قطاع التقنيات اللوجستية,ظفار,,1
startup,False,قطاع التقنيات اللوجستية,مسقط,,21
startup,False,قطاع التقنيات الممتلكات العقارية,جنوب الباطنة,,1
startup,False,قطاع التقنيات الممتلكات العقارية,مسقط,,2
startup,False,قطاع التقنيات النظيفة,جنوب الباطنة,,1
startup,False,قطاع التقنيات النظيفة,مسقط,,3
startup,False,قطاع التكنولوجيا المالية,ظفار,,1
startup,False,قطاع التكنولوجيا المالية,مسقط,,26
startup,False,قطاع الصناعات الإبداعية الرقمية,الداخلية,,1
startup,False,قطاع الصناعات الإبداعية الرقمية,جنوب الباطنة,,1
startup,False,قطاع الصناعات الإبداعية الرقمية,مسقط,,4
startup,False,قطاع تقنيات التعلم,الداخلية,,1
startup,False,قطاع تقنيات التعلم,جنوب الشرقية,,1
startup,False,قطاع تقنيات التعلم,مسقط,,17
startup,False,قطاع تقنيات السفر,الداخلية,,1
startup,False,قطاع تقنيات السفر,شمال الباطنة,,2
startup,False,قطاع تقنيات السفر,ظفار,,1
startup,False,قطاع تقنيات السفر,مسقط,,10
startup,False,قطاع تكنولجيا الطعام,شمال الشرقية,,1
startup,False,قطاع تكنولجيا الطعام,مسقط,,4
startup,False,مساعد افتراضي,الظاهرة,,1
startup,False,مساعد افتراضي,مسقط,,5
startup,False,مساعد افتراضي,مسندم,,1
startup,True,التكنولوجيا الخضراء,جنوب الباطنة,,1
startup,True,التكنولوجيا العقارية,مسقط,,3
startup,True,التكنولوجيا العميقة,ظفار,,1
startup,True,تقنيات التصنيع,مسقط,,1
startup,True,تكنولجيا الموارد البشرية,مسقط,,3
startup,True,قطاع التجارة الإلكترونية,ظفار,,1
startup,True,قطاع التجارة الإلكترونية,مسقط,,1
startup,True,قطاع التقنيات التنظيمية,مسقط,,3
startup,True,قطاع التقنيات الزراعية,شمال الشرقية,,1
startup,True,قطاع التقنيات الزراعية,مسقط,,1
startup,True,قطاع التقنيات الصحية,مسقط,,2
startup,True,قطاع التقنيات الطبية,مسقط,,1
startup,True,قطاع التقنيات اللوجستية,شمال الباطنة,,1
startup,True,قطاع التقنيات اللوجستية,مسقط,,2
startup,True,قطاع التقنيات النظيفة,جنوب الباطنة,,1
startup,True,قطاع التقنيات النظيفة,مسقط,,1
startup,True,قطاع التكنولوجيا المالية,مسقط,,3
startup,True,قطاع الصناعات الإبداعية الرقمية,جنوب الباطنة,,1
startup,True,قطاع الصناعات الإبداعية الرقمية,مسقط,,1
startup,True,قطاع تقنيات التعلم,مسقط,,2
startup,True,قطاع تقنيات السفر,مسقط,,2
tourism,False,أنشطة مشغلي الجولات السياحية,البريمي,البريمي,8
tourism,False,أنشطة مشغلي الجولات السياحية,الداخلية,إزكي,7
tourism,False,أنشطة مشغلي الجولات السياحية,الداخلية,الجبل الأخضر,3
tourism,False,أنشطة مشغلي الجولات السياحية,الداخلية,الحمراء,3
tourism,False,أنشطة مشغلي الجولات السياحية,الداخلية,بدبد,2
tourism,False,أنشطة مشغلي الجولات السياحية,الداخلية,بهلاء,7
tourism,False,أنشطة مشغلي الجولات السياحية,الداخلية,سمائل,8
tourism,False,أنشطة مشغلي الجولات السياحية,الداخلية,منح,2
tourism,False,أنشطة مشغلي الجولات السياحية,الداخلية,نزوى,22
tourism,False,أنشطة مشغلي الجولات السياحية,الظاهرة,ضنك,2
tourism,False,أنشطة مشغلي الجولات السياحية,الظاهرة,عبري,8
tourism,False,أنشطة مشغلي الجولات السياحية,الوسطى,الجازر,1
tourism,False,أنشطة مشغلي الجولات السياحية,الوسطى,الدقم,3
tourism,False,أنشطة مشغلي الجولات السياحية,الوسطى,محوت,1
tourism,False,أنشطة مشغلي الجولات السياحية,الوسطى,هيماء,3
tourism,False,أنشطة مشغلي الجولات السياحية,جنوب الباطنة,الرستاق,6
tourism,False,أنشطة مشغلي الجولات السياحية,جنوب الباطنة,المصنعة,6
tourism,False,أنشطة مشغلي الجولات السياحية,جنوب الباطنة,بركاء,8
tourism,False,أنشطة مشغلي الجولات السياحية,جنوب الباطنة,نخل,4
tourism,False,أنشطة مشغلي الجولات السياحية,جنوب الشرقية,الكامل والوافي,2
tourism,False,أنشطة مشغلي الجولات السياحية,جنوب الشرقية,جعلان بنى بوحسن,3
tourism,False,أنشطة مشغلي الجولات السياحية,جنوب الشرقية,جعلان بنى بوعلى,2
tourism,False,أنشطة مشغلي الجولات السياحية,جنوب الشرقية,صور,12
tourism,False,أنشطة مشغلي الجولات السياحية,جنوب الشرقية,مصيرة,1
tourism,False,أنشطة مشغلي الجولات السياحية,شمال الباطنة,الخابورة,1
tourism,False,أنشطة مشغلي الجولات السياحية,شمال الباطنة,السويق,4
tourism,False,أنشطة مشغلي الجولات السياحية,شمال الباطنة,شناص,2
tourism,False,أنشطة مشغلي الجولات السياحية,شمال الباطنة,صحار,17
tourism,False,أنشطة مشغلي الجولات السياحية,شمال الباطنة,صحم,2
tourism,False,أنشطة مشغلي الجولات السياحية,شمال الباطنة,لوى,3
tourism,False,أنشطة مشغلي الجولات السياحية,شمال الشرقية,ابراء,9
tourism,False,أنشطة مشغلي الجولات السياحية,شمال الشرقية,القابل,1
tourism,False,أنشطة مشغلي الجولات السياحية,شمال الشرقية,المضيبي,4
tourism,False,أنشطة مشغلي الجولات السياحية,شمال الشرقية,بدية,18
tourism,False,أنشطة مشغلي الجولات السياحية,شمال الشرقية,دماء والطائيين,2
tourism,False,أنشطة مشغلي الجولات السياحية,شمال الشرقية,سناو,2
tourism,False,أنشطة مشغلي الجولات السياحية,شمال الشرقية,وادى بنى خالد,1
tourism,False,أنشطة مشغلي الجولات السياحية,ظفار,ثمريت,1
tourism,False,أنشطة مشغلي الجولات السياحية,ظفار,سدح,1
tourism,False,أنشطة مشغلي الجولات السياحية,ظفار,شليم وجزر الحلانيات,5
tourism,False,أنشطة مشغلي الجولات السياحية,ظفار,صلالة,134
tourism,False,أنشطة مشغلي الجولات السياحية,ظفار,طاقة,7
tourism,False,أنشطة مشغلي الجولات السياحية,ظفار,مرباط,1
tourism,False,أنشطة مشغلي الجولات السياحية,ظفار,مقشن,1
tourism,False,أنشطة مشغلي الجولات السياحية,مسقط,السيب,144
tourism,False,أنشطة مشغلي الجولات السياحية,مسقط,العامرات,30
tourism,False,أنشطة مشغلي الجولات السياحية,مسقط,بوشر,157
tourism,False,أنشطة مشغلي الجولات السياحية,مسقط,قريات,4
tourism,False,أنشطة مشغلي الجولات السياحية,مسقط,مسقط,31
tourism,False,أنشطة مشغلي الجولات السياحية,مسقط,مطرح,49
tourism,False,أنشطة مشغلي الجولات السياحية,مسندم,بخا,1
tourism,False,أنشطة مشغلي الجولات السياحية,مسندم,خصب,27
tourism,False,أنشطة مشغلي الجولات السياحية,مسندم,دبا البيعة,4
tourism,False,أنشطة مشغلي الجولات السياحية,مسندم,مدحا,1
tourism,False,أنشطة وكالات السفر,البريمي,البريمي,62
tourism,False,أنشطة وكالات السفر,البريمي,محضة,1
tourism,False,أنشطة وكالات السفر,الداخلية,أدم,9
tourism,False,أنشطة وكالات السفر,الداخلية,إزكي,17
tourism,False,أنشطة وكالات السفر,الداخلية,الجبل الأخضر,6
tourism,False,أنشطة وكالات السفر,الداخلية,الحمراء,12
tourism,False,أنشطة وكالات السفر,الداخلية,بدبد,18
tourism,False,أنشطة وكالات السفر,الداخلية,بهلاء,26
tourism,False,أنشطة وكالات السفر,الداخلية,سمائل,31
tourism,False,أنشطة وكالات السفر,الداخلية,منح,17
tourism,False,أنشطة وكالات السفر,الداخلية,نزوى,48
tourism,False,أنشطة وكالات السفر,الظاهرة,ضنك,6
tourism,False,أنشطة وكالات السفر,الظاهرة,عبري,43
tourism,False,أنشطة وكالات السفر,الظاهرة,ينقل,7
tourism,False,أنشطة وكالات السفر,الوسطى,الجازر,2
tourism,False,أنشطة وكالات السفر,الوسطى,الدقم,10
tourism,False,أنشطة وكالات السفر,الوسطى,محوت,2
tourism,False,أنشطة وكالات السفر,الوسطى,هيماء,2
tourism,False,أنشطة وكالات السفر,جنوب الباطنة,الرستاق,28
tourism,False,أنشطة وكالات السفر,جنوب الباطنة,العوابي,3
tourism,False,أنشطة وكالات السفر,جنوب الباطنة,المصنعة,39
tourism,False,أنشطة وكالات السفر,جنوب الباطنة,بركاء,90
tourism,False,أنشطة وكالات السفر,جنوب الباطنة,نخل,2
tourism,False,أنشطة وكالات السفر,جنوب الباطنة,وادي المعاول,3
tourism,False,أنشطة وكالات السفر,جنوب الشرقية,الكامل والوافي,12
tourism,False,أنشطة وكالات السفر,جنوب الشرقية,جعلان بنى بوحسن,11
tourism,False,أنشطة وكالات السفر,جنوب الشرقية,جعلان بنى بوعلى,19
tourism,False,أنشطة وكالات السفر,جنوب الشرقية,صور,59
tourism,False,أنشطة وكالات السفر,جنوب الشرقية,مصيرة,9
tourism,False,أنشطة وكالات السفر,شمال الباطنة,الخابورة,22
tourism,False,أنشطة وكالات السفر,شمال الباطنة,السويق,45
tourism,False,أنشطة وكالات السفر,شمال الباطنة,شناص,31
tourism,False,أنشطة وكالات السفر,شمال الباطنة,صحار,132
tourism,False,أنشطة وكالات السفر,شمال الباطنة,صحم,42
tourism,False,أنشطة وكالات السفر,شمال الباطنة,لوى,18
tourism,False,أنشطة وكالات السفر,شمال الشرقية,ابراء,27
tourism,False,أنشطة وكالات السفر,شمال الشرقية,القابل,6
tourism,False,أنشطة وكالات السفر,شمال الشرقية,المضيبي,26
tourism,False,أنشطة وكالات السفر,شمال الشرقية,بدية,19
tourism,False,أنشطة وكالات السفر,شمال الشرقية,دماء والطائيين,4
tourism,False,أنشطة وكالات السفر,شمال الشرقية,سناو,16
tourism,False,أنشطة وكالات السفر,شمال الشرقية,وادى بنى خالد,1
tourism,False,أنشطة وكالات السفر,ظفار,المزيونة,2
tourism,False,أنشطة وكالات السفر,ظفار,ثمريت,6
tourism,False,أنشطة وكالات السفر,ظفار,رخيوت,1
tourism,False,أنشطة وكالات السفر,ظفار,شليم وجزر الحلانيات,6
tourism,False,أنشطة وكالات السفر,ظفار,صلالة,331
tourism,False,أنشطة وكالات السفر,ظفار,طاقة,4
tourism,False,أنشطة وكالات السفر,ظفار,مرباط,3
tourism,False,أنشطة وكالات السفر,مسقط,السيب,486
tourism,False,أنشطة وكالات السفر,مسقط,العامرات,76
tourism,False,أنشطة وكالات السفر,مسقط,بوشر,429
tourism,False,أنشطة وكالات السفر,مسقط,قريات,22
tourism,False,أنشطة وكالات السفر,مسقط,مسقط,61
tourism,False,أنشطة وكالات السفر,مسقط,مطرح,215
tourism,False,أنشطة وكالات السفر,مسندم,بخا,3
tourism,False,أنشطة وكالات السفر,مسندم,خصب,65
tourism,False,أنشطة وكالات السفر,مسندم,دبا البيعة,12
tourism,False,أنشطة وكالات السفر,مسندم,مدحا,1
tourism,False,الفنادق والموتيلات والمنتجعات,البريمي,البريمي,19
tourism,False,الفنادق والموتيلات والمنتجعات,البريمي,محضة,1
tourism,False,الفنادق والموتيلات والمنتجعات,الداخلية,أدم,4
tourism,False,الفنادق والموتيلات والمنتجعات,الداخلية,إزكي,6
tourism,False,الفنادق والموتيلات والمنتجعات,الداخلية,الجبل الأخضر,6
tourism,False,الفنادق والموتيلات والمنتجعات,الداخلية,الحمراء,6
tourism,False,الفنادق والموتيلات والمنتجعات,الداخلية,بدبد,2
tourism,False,الفنادق والموتيلات والمنتجعات,الداخلية,بهلاء,8
tourism,False,الفنادق والموتيلات والمنتجعات,الداخلية,سمائل,2
tourism,False,الفنادق والموتيلات والمنتجعات,الداخلية,منح,2
tourism,False,الفنادق والموتيلات والمنتجعات,الداخلية,نزوى,22
tourism,False,الفنادق والموتيلات والمنتجعات,الظاهرة,عبري,13
tourism,False,الفنادق والموتيلات والمنتجعات,الوسطى,الجازر,1
tourism,False,الفنادق والموتيلات والمنتجعات,الوسطى,الدقم,21
tourism,False,الفنادق والموتيلات والمنتجعات,الوسطى,محوت,3
tourism,False,الفنادق والموتيلات والمنتجعات,الوسطى,هيماء,5
tourism,False,الفنادق والموتيلات والمنتجعات,جنوب الباطنة,الرستاق,10
tourism,False,الفنادق والموتيلات والمنتجعات,جنوب الباطنة,المصنعة,4
tourism,False,الفنادق والموتيلات والمنتجعات,جنوب الباطنة,بركاء,13
tourism,False,الفنادق والموتيلات والمنتجعات,جنوب الباطنة,نخل,2
tourism,False,الفنادق والموتيلات والمنتجعات,جنوب الشرقية,الكامل والوافي,5
tourism,False,الفنادق والموتيلات والمنتجعات,جنوب الشرقية,جعلان بنى بوحسن,1
tourism,False,الفنادق والموتيلات والمنتجعات,جنوب الشرقية,جعلان بنى بوعلى,9
tourism,False,الفنادق والموتيلات والمنتجعات,جنوب الشرقية,صور,30
tourism,False,الفنادق والموتيلات والمنتجعات,جنوب الشرقية,مصيرة,4
tourism,False,الفنادق والموتيلات والمنتجعات,شمال الباطنة,الخابورة,3
tourism,False,الفنادق والموتيلات والمنتجعات,شمال الباطنة,السويق,4
tourism,False,الفنادق والموتيلات والمنتجعات,شمال الباطنة,شناص,2
tourism,False,الفنادق والموتيلات والمنتجعات,شمال الباطنة,صحار,20
tourism,False,الفنادق والموتيلات والمنتجعات,شمال الباطنة,صحم,4
tourism,False,الفنادق والموتيلات والمنتجعات,شمال الباطنة,لوى,5
tourism,False,الفنادق والموتيلات والمنتجعات,شمال الشرقية,ابراء,9
tourism,False,الفنادق والموتيلات والمنتجعات,شمال الشرقية,المضيبي,7
tourism,False,الفنادق والموتيلات والمنتجعات,شمال الشرقية,بدية,8
tourism,False,الفنادق والموتيلات والمنتجعات,شمال الشرقية,دماء والطائيين,1
tourism,False,الفنادق والموتيلات والمنتجعات,شمال الشرقية,سناو,3
tourism,False,الفنادق والموتيلات والمنتجعات,شمال الشرقية,وادى بنى خالد,2
tourism,False,الفنادق والموتيلات والمنتجعات,ظفار,المزيونة,1
tourism,False,الفنادق والموتيلات والمنتجعات,ظفار,ثمريت,6
tourism,False,الفنادق والموتيلات والمنتجعات,ظفار,شليم وجزر الحلانيات,3
tourism,False,الفنادق والموتيلات والمنتجعات,ظفار,صلالة,105
tourism,False,الفنادق والموتيلات والمنتجعات,ظفار,ضلكوت,1
tourism,False,الفنادق والموتيلات والمنتجعات,ظفار,طاقة,4
tourism,False,الفنادق والموتيلات والمنتجعات,ظفار,مرباط,2
tourism,False,الفنادق والموتيلات والمنتجعات,مسقط,السيب,112
tourism,False,الفنادق والموتيلات والمنتجعات,مسقط,العامرات,17
tourism,False,الفنادق والموتيلات والمنتجعات,مسقط,بوشر,183
tourism,False,الفنادق والموتيلات والمنتجعات,مسقط,قريات,8
tourism,False,الفنادق والموتيلات والمنتجعات,مسقط,مسقط,24
tourism,False,الفنادق والموتيلات والمنتجعات,مسقط,مطرح,47
tourism,False,الفنادق والموتيلات والمنتجعات,مسندم,بخا,1
tourism,False,الفنادق والموتيلات والمنتجعات,مسندم,خصب,5
tourism,False,الفنادق والموتيلات والمنتجعات,مسندم,دبا البيعة,2
tourism,False,الفنادق والموتيلات والمنتجعات,مسندم,مدحا,3
tourism,False,المخيمات السياحية,البريمي,البريمي,3
tourism,False,المخيمات السياحية,البريمي,محضة,2
tourism,False,المخيمات السياحية,الداخلية,إزكي,3
tourism,False,المخيمات السياحية,الداخلية,الجبل الأخضر,4
tourism,False,المخيمات السياحية,الداخلية,الحمراء,1
tourism,False,المخيمات السياحية,الداخلية,سمائل,1
tourism,False,المخيمات السياحية,الداخلية,نزوى,5
tourism,False,المخيمات السياحية,الظاهرة,عبري,4
tourism,False,المخيمات السياحية,الوسطى,الجازر,1
tourism,False,المخيمات السياحية,الوسطى,الدقم,5
tourism,False,المخيمات السياحية,الوسطى,محوت,2
tourism,False,المخيمات السياحية,الوسطى,هيماء,1
tourism,False,المخيمات السياحية,جنوب الباطنة,الرستاق,1
tourism,False,المخيمات السياحية,جنوب الباطنة,المصنعة,1
tourism,False,المخيمات السياحية,جنوب الباطنة,بركاء,9
tourism,False,المخيمات السياحية,جنوب الباطنة,نخل,2
tourism,False,المخيمات السياحية,جنوب الشرقية,الكامل والوافي,4
tourism,False,المخيمات السياحية,جنوب الشرقية,جعلان بنى بوحسن,4
tourism,False,المخيمات السياحية,جنوب الشرقية,جعلان بنى بوعلى,2
tourism,False,المخيمات السياحية,جنوب الشرقية,صور,7
tourism,False,المخيمات السياحية,جنوب الشرقية,مصيرة,5
tourism,False,المخيمات السياحية,شمال الباطنة,الخابورة,2
tourism,False,المخيمات السياحية,شمال الباطنة,السويق,4
tourism,False,المخيمات السياحية,شمال الباطنة,شناص,3
tourism,False,المخيمات السياحية,شمال الباطنة,صحار,7
tourism,False,المخيمات السياحية,شمال الباطنة,صحم,4
tourism,False,المخيمات السياحية,شمال الشرقية,ابراء,4
tourism,False,المخيمات السياحية,شمال الشرقية,القابل,2
tourism,False,المخيمات السياحية,شمال الشرقية,المضيبي,3
tourism,False,المخيمات السياحية,شمال الشرقية,بدية,37
tourism,False,المخيمات السياحية,شمال الشرقية,وادى بنى خالد,1
tourism,False,المخيمات السياحية,ظفار,المزيونة,1
tourism,False,المخيمات السياحية,ظفار,ثمريت,10
tourism,False,المخيمات السياحية,ظفار,رخيوت,1
tourism,False,المخيمات السياحية,ظفار,شليم وجزر الحلانيات,1
tourism,False,المخيمات السياحية,ظفار,صلالة,84
tourism,False,المخيمات السياحية,ظفار,طاقة,3
tourism,False,المخيمات السياحية,ظفار,مرباط,1
tourism,False,المخيمات السياحية,مسقط,السيب,86
tourism,False,المخيمات السياحية,مسقط,العامرات,4
tourism,False,المخيمات السياحية,مسقط,بوشر,59
tourism,False,المخيمات السياحية,مسقط,قريات,1
tourism,False,المخيمات السياحية,مسقط,مسقط,9
tourism,False,المخيمات السياحية,مسقط,مطرح,7
tourism,False,المخيمات السياحية,مسندم,بخا,1
tourism,False,المخيمات السياحية,مسندم,خصب,3
tourism,False,المخيمات السياحية,مسندم,دبا البيعة,3
tourism,False,النزل التراثية,البريمي,البريمي,1
tourism,False,النزل التراثية,الداخلية,إزكي,1
tourism,False,النزل التراثية,الداخلية,الجبل الأخضر,2
tourism,False,النزل التراثية,الداخلية,الحمراء,7
tourism,False,النزل التراثية,الداخلية,بهلاء,4
tourism,False,النزل التراثية,الداخلية,سمائل,1
tourism,False,النزل التراثية,الداخلية,نزوى,7
tourism,False,النزل التراثية,الظاهرة,عبري,2
tourism,False,النزل التراثية,الوسطى,الدقم,1
tourism,False,النزل التراثية,جنوب الباطنة,الرستاق,1
tourism,False,النزل التراثية,جنوب الشرقية,جعلان بنى بوعلى,1
tourism,False,النزل التراثية,جنوب الشرقية,صور,1
tourism,False,النزل التراثية,شمال الباطنة,الخابورة,1
tourism,False,النزل التراثية,شمال الباطنة,صحار,1
tourism,False,النزل التراثية,شمال الشرقية,بدية,2
tourism,False,النزل التراثية,ظفار,المزيونة,1
tourism,False,النزل التراثية,ظفار,صلالة,2
tourism,False,النزل التراثية,ظفار,طاقة,2
tourism,False,النزل التراثية,مسقط,السيب,6
tourism,False,النزل التراثية,مسقط,بوشر,4
tourism,False,النزل التراثية,مسقط,مطرح,1
tourism,False,النزل الخضراء,البريمي,البريمي,3
tourism,False,النزل الخضراء,الداخلية,أدم,4
tourism,False,النزل الخضراء,الداخلية,إزكي,2
tourism,False,النزل الخضراء,الداخلية,الحمراء,5
tourism,False,النزل الخضراء,الداخلية,بدبد,1
tourism,False,النزل الخضراء,الداخلية,بهلاء,4
tourism,False,النزل الخضراء,الداخلية,سمائل,3
tourism,False,النزل الخضراء,الداخلية,منح,4
tourism,False,النزل الخضراء,الداخلية,نزوى,13
tourism,False,النزل الخضراء,الظاهرة,ضنك,4
tourism,False,النزل الخضراء,الظاهرة,عبري,23
tourism,False,النزل الخضراء,الوسطى,هيماء,1
tourism,False,النزل الخضراء,جنوب الباطنة,الرستاق,1
tourism,False,النزل الخضراء,جنوب الباطنة,المصنعة,5
tourism,False,النزل الخضراء,جنوب الباطنة,بركاء,15
tourism,False,النزل الخضراء,جنوب الباطنة,نخل,2
tourism,False,النزل الخضراء,جنوب الباطنة,وادي المعاول,2
tourism,False,النزل الخضراء,جنوب الشرقية,الكامل والوافي,2
tourism,False,النزل الخضراء,جنوب الشرقية,جعلان بنى بوحسن,1
tourism,False,النزل الخضراء,جنوب الشرقية,جعلان بنى بوعلى,1
tourism,False,النزل الخضراء,جنوب الشرقية,صور,8
tourism,False,النزل الخضراء,جنوب الشرقية,مصيرة,1
tourism,False,النزل الخضراء,شمال الباطنة,الخابورة,1
tourism,False,النزل الخضراء,شمال الباطنة,السويق,6
tourism,False,النزل الخضراء,شمال الباطنة,شناص,3
tourism,False,النزل الخضراء,شمال الباطنة,صحار,9
tourism,False,النزل الخضراء,شمال الباطنة,صحم,2
tourism,False,النزل الخضراء,شمال الباطنة,لوى,1
tourism,False,النزل الخضراء,شمال الشرقية,ابراء,7
tourism,False,النزل الخضراء,شمال الشرقية,القابل,2
tourism,False,النزل الخضراء,شمال الشرقية,المضيبي,3
tourism,False,النزل الخضراء,شمال الشرقية,بدية,3
tourism,False,النزل الخضراء,شمال الشرقية,سناو,2
tourism,False,النزل الخضراء,ظفار,صلالة,3
tourism,False,النزل الخضراء,مسقط,السيب,34
tourism,False,النزل الخضراء,مسقط,العامرات,2
tourism,False,النزل الخضراء,مسقط,بوشر,22
tourism,False,النزل الخضراء,مسقط,قريات,4
tourism,False,النزل الخضراء,مسقط,مسقط,2
tourism,False,النزل الخضراء,مسقط,مطرح,5
tourism,False,النزل الخضراء,مسندم,خصب,1
tourism,False,بيوت الضيافة,البريمي,البريمي,2
tourism,False,بيوت الضيافة,الداخلية,أدم,2
tourism,False,بيوت الضيافة,الداخلية,إزكي,3
tourism,False,بيوت الضيافة,الداخلية,الجبل الأخضر,5
tourism,False,بيوت الضيافة,الداخلية,الحمراء,12
tourism,False,بيوت الضيافة,الداخلية,بدبد,3
tourism,False,بيوت الضيافة,الداخلية,بهلاء,1
tourism,False,بيوت الضيافة,الداخلية,سمائل,8
tourism,False,بيوت الضيافة,الداخلية,منح,2
tourism,False,بيوت الضيافة,الداخلية,نزوى,32
tourism,False,بيوت الضيافة,الظاهرة,عبري,12
tourism,False,بيوت الضيافة,الظاهرة,ينقل,1
tourism,False,بيوت الضيافة,الوسطى,الدقم,1
tourism,False,بيوت الضيافة,جنوب الباطنة,الرستاق,12
tourism,False,بيوت الضيافة,جنوب الباطنة,المصنعة,6
tourism,False,بيوت الضيافة,جنوب الباطنة,بركاء,18
tourism,False,بيوت الضيافة,جنوب الباطنة,نخل,4
tourism,False,بيوت الضيافة,جنوب الباطنة,وادي المعاول,1
tourism,False,بيوت الضيافة,جنوب الشرقية,الكامل والوافي,2
tourism,False,بيوت الضيافة,جنوب الشرقية,جعلان بنى بوحسن,7
tourism,False,بيوت الضيافة,جنوب الشرقية,جعلان بنى بوعلى,8
tourism,False,بيوت الضيافة,جنوب الشرقية,صور,32
tourism,False,بيوت الضيافة,جنوب الشرقية,مصيرة,6
tourism,False,بيوت الضيافة,شمال الباطنة,الخابورة,3
tourism,False,بيوت الضيافة,شمال الباطنة,السويق,4
tourism,False,بيوت الضيافة,شمال الباطنة,شناص,1
tourism,False,بيوت الضيافة,شمال الباطنة,صحار,16
tourism,False,بيوت الضيافة,شمال الباطنة,صحم,11
tourism,False,بيوت الضيافة,شمال الباطنة,لوى,1
tourism,False,بيوت الضيافة,شمال الشرقية,ابراء,5
tourism,False,بيوت الضيافة,شمال الشرقية,المضيبي,3
tourism,False,بيوت الضيافة,شمال الشرقية,بدية,5
tourism,False,بيوت الضيافة,شمال الشرقية,سناو,1
tourism,False,بيوت الضيافة,شمال الشرقية,وادى بنى خالد,1
tourism,False,بيوت الضيافة,ظفار,المزيونة,1
tourism,False,بيوت الضيافة,ظفار,رخيوت,1
tourism,False,بيوت الضيافة,ظفار,صلالة,13
tourism,False,بيوت الضيافة,مسقط,السيب,62
tourism,False,بيوت الضيافة,مسقط,العامرات,5
tourism,False,بيوت الضيافة,مسقط,بوشر,38
tourism,False,بيوت الضيافة,مسقط,قريات,3
tourism,False,بيوت الضيافة,مسقط,مسقط,6
tourism,False,بيوت الضيافة,مسقط,مطرح,14
tourism,False,بيوت الضيافة,مسندم,خصب,3
